sample_id,source_doi,alloy,alloy_family,base_element,AM_process,AM_subprocess,machine,laser_power_W,scan_speed_mm_s,hatch_spacing_um,layer_thickness_um,beam_diameter_um,build_orientation,specimen_orientation,heat_treatment,density_kg_m3,melting_C,thermal_conductivity_W_mK,specific_heat_J_kgK,cte_1e6_K,relative_density_percent,porosity_percent,grain_size_um,grain_morphology,texture_intensity_MRD,matrix_phase,secondary_phases,microstructure_notes,yield_strength_MPa,UTS_MPa,elongation_percent,hardness_HV,elastic_modulus_GPa,surface_roughness_Ra_um,data_quality_score
demo_0001,demo_literature_style_IN625,IN625,Ni superalloy,Ni,DED,L-DED,Custom Lab System,368.68,20.6,750.73,634.08,1771.39,XY,45deg,HIP,8440,1320,9.2,429,12.8,99.227,0.933,42.59,columnar,2.85,gamma,carbides/Laves possible,cellular dendritic gamma,694.57,854.55,43.19,242.33,201.87,14.36,B
demo_0002,demo_literature_style_Maraging_Steel_M300,Maraging Steel M300,maraging steel,Fe,PBF,L-PBF,Optomec LENS,392.88,792.05,97.13,20.0,70.5,XZ,horizontal,aged,8100,1413,14.2,452,10.3,92.5,7.543,16.32,cellular,0.8,martensite,Ni/Ti/Mo precipitates after aging,"martensitic, precipitate strengthened after aging",1068.9,1275.42,1.0,369.02,182.21,11.61,A
demo_0003,demo_literature_style_Ti6Al4V_ELI,Ti6Al4V ELI,titanium alloy,Ti,PBF,L-PBF,EOS M400,150.14,1034.37,106.82,60.0,79.1,XY,horizontal,HIP,4420,1650,7.0,526,8.5,97.375,2.605,13.88,mixed columnar-equiaxed,1.87,alpha/beta,alpha prime martensite possible,fine alpha prime in as-built LPBF,989.57,1161.19,15.66,298.71,116.71,16.74,A
demo_0004,demo_literature_style_Maraging_Steel_M300,Maraging Steel M300,maraging steel,Fe,PBF,L-PBF,Renishaw AM250,257.73,1247.39,94.78,30.0,67.22,XZ,horizontal,as-built,8100,1413,14.2,452,10.3,99.019,1.06,35.1,cellular,2.01,martensite,Ni/Ti/Mo precipitates after aging,"martensitic, precipitate strengthened after aging",1069.68,1233.34,10.5,347.12,199.56,33.71,C
demo_0005,demo_literature_style_Ti6Al4V,Ti6Al4V,titanium alloy,Ti,PBF,L-PBF,Renishaw AM250,324.87,647.82,88.53,60.0,82.3,XY,vertical,aged,4430,1660,7.1,560,8.6,99.594,0.373,25.25,columnar,4.81,alpha/beta,alpha prime martensite possible,"prior beta grains, alpha laths",1017.17,1182.38,10.99,362.36,112.11,17.52,B
demo_0006,demo_literature_style_IN625,IN625,Ni superalloy,Ni,PBF,L-PBF,SLM 280,355.75,1456.2,85.48,20.0,91.0,XZ,horizontal,solution+aged,8440,1320,9.2,429,12.8,95.55,4.522,30.46,columnar,3.57,gamma,carbides/Laves possible,cellular dendritic gamma,623.33,845.29,32.17,218.69,203.13,19.8,C
demo_0007,demo_literature_style_IN625,IN625,Ni superalloy,Ni,PBF,L-PBF,Renishaw AM250,359.03,1245.52,78.83,50.0,85.63,Z,vertical,HIP,8440,1320,9.2,429,12.8,98.016,1.959,22.88,cellular,1.66,gamma,carbides/Laves possible,cellular dendritic gamma,650.59,848.64,33.26,217.86,208.06,12.17,B
demo_0008,demo_literature_style_17-4PH,17-4PH,precipitation-hardening steel,Fe,PBF,L-PBF,Sciaky EBAM,363.99,963.28,105.2,50.0,92.49,XZ,vertical,aged,7800,1420,16.0,460,10.4,98.7,1.408,19.37,mixed columnar-equiaxed,5.44,martensite/ferrite,Cu-rich precipitates,martensitic matrix after aging,1012.57,1159.51,10.7,336.35,206.05,20.14,A
demo_0009,demo_literature_style_17-4PH,17-4PH,precipitation-hardening steel,Fe,PBF,L-PBF,Sciaky EBAM,198.91,1074.56,129.07,30.0,67.9,XZ,vertical,stress relieved,7800,1420,16.0,460,10.4,99.21,0.767,16.27,cellular,1.25,martensite/ferrite,Cu-rich precipitates,martensitic matrix after aging,886.46,1072.85,15.71,319.91,204.32,7.3,A
demo_0010,demo_literature_style_CuCrZr,CuCrZr,copper alloy,Cu,PBF,L-PBF,Trumpf TruPrint,122.46,925.45,73.82,60.0,99.97,XZ,45deg,aged,8900,1085,320.0,380,17.0,96.854,3.156,18.96,mixed columnar-equiaxed,2.33,Cu,Cr/Zr precipitates,Cu matrix with precipitation after aging,351.5,413.02,13.9,118.82,113.99,9.11,B
demo_0011,demo_literature_style_Maraging_Steel_M300,Maraging Steel M300,maraging steel,Fe,PBF,L-PBF,Concept Laser M2,351.1,915.54,81.26,50.0,81.85,XZ,horizontal,HIP,8100,1413,14.2,452,10.3,99.549,0.428,14.28,mixed columnar-equiaxed,3.11,martensite,Ni/Ti/Mo precipitates after aging,"martensitic, precipitate strengthened after aging",1112.02,1310.4,15.99,354.1,182.94,24.86,A
demo_0012,demo_literature_style_316L,316L,stainless steel,Fe,PBF,E-PBF,Sciaky EBAM,1774.44,713.42,137.34,50.0,166.09,XZ,45deg,annealed,7990,1385,16.2,500,16.0,92.5,7.474,40.89,columnar,3.0,austenite,delta ferrite/carbides possible,"cellular austenite, dislocation cells",363.13,480.35,28.17,114.24,194.1,17.09,C
demo_0013,demo_literature_style_CuCrZr,CuCrZr,copper alloy,Cu,PBF,L-PBF,EOS M400,315.04,1136.06,115.12,20.0,89.79,XZ,vertical,HIP,8900,1085,320.0,380,17.0,97.595,2.434,25.35,cellular,0.8,Cu,Cr/Zr precipitates,Cu matrix with precipitation after aging,259.77,370.97,16.41,94.0,129.3,7.15,A
demo_0014,demo_literature_style_Ti6Al4V_ELI,Ti6Al4V ELI,titanium alloy,Ti,DED,L-DED,Optomec LENS,1189.77,21.37,909.2,656.65,744.44,XZ,45deg,stress relieved,4420,1650,7.0,526,8.5,96.112,3.847,33.81,columnar,2.4,alpha/beta,alpha prime martensite possible,fine alpha prime in as-built LPBF,889.24,1112.54,5.58,267.6,111.56,29.69,A
demo_0015,demo_literature_style_Ti6Al4V,Ti6Al4V,titanium alloy,Ti,PBF,L-PBF,Optomec LENS,308.87,817.82,117.13,40.0,72.15,Z,vertical,aged,4430,1660,7.1,560,8.6,98.482,1.508,18.49,mixed columnar-equiaxed,3.76,alpha/beta,alpha prime martensite possible,"prior beta grains, alpha laths",960.82,1198.55,12.8,301.48,105.01,13.87,B
demo_0016,demo_literature_style_H13_Tool_Steel,H13 Tool Steel,tool steel,Fe,PBF,L-PBF,SLM 280,387.07,783.16,87.47,30.0,62.29,XY,45deg,annealed,7800,1427,28.6,460,10.4,92.5,7.532,25.0,mixed columnar-equiaxed,2.71,martensite,carbides,martensitic/carbide structure,980.15,1155.87,1.0,351.72,214.4,15.49,A
demo_0017,demo_literature_style_Ti6Al4V,Ti6Al4V,titanium alloy,Ti,PBF,L-PBF,Renishaw AM250,386.7,1179.59,89.74,50.0,84.68,XZ,horizontal,solution+aged,4430,1660,7.1,560,8.6,99.855,0.09,19.33,cellular,2.15,alpha/beta,alpha prime martensite possible,"prior beta grains, alpha laths",1067.86,1183.33,14.56,376.99,111.08,25.54,B
demo_0018,demo_literature_style_316L,316L,stainless steel,Fe,PBF,L-PBF,Trumpf TruPrint,335.18,1219.98,85.89,40.0,70.89,XY,vertical,aged,7990,1385,16.2,500,16.0,99.442,0.533,20.41,columnar,2.07,austenite,delta ferrite/carbides possible,"cellular austenite, dislocation cells",592.97,827.14,39.17,193.87,193.87,12.86,A
demo_0019,demo_literature_style_AlSi7Mg,AlSi7Mg,aluminum alloy,Al,DED,L-DED,Optomec LENS,311.06,6.32,1082.67,577.2,1761.2,XZ,45deg,solution+aged,2670,570,140.0,890,21.5,96.706,3.328,51.31,dendritic,0.8,alpha-Al,Si/Mg2Si,fine Al-Si eutectic/cellular network,282.72,333.65,7.51,100.13,69.57,15.85,A
demo_0020,demo_literature_style_AlSi7Mg,AlSi7Mg,aluminum alloy,Al,PBF,L-PBF,SLM 280,259.35,752.31,94.08,40.0,74.97,XZ,horizontal,as-built,2670,570,140.0,890,21.5,98.749,1.281,12.87,cellular,2.68,alpha-Al,Si/Mg2Si,fine Al-Si eutectic/cellular network,286.0,347.2,9.9,103.23,70.3,7.13,B
demo_0021,demo_literature_style_17-4PH,17-4PH,precipitation-hardening steel,Fe,PBF,L-PBF,Renishaw AM250,357.89,646.76,119.62,60.0,86.96,Z,horizontal,as-built,7800,1420,16.0,460,10.4,99.033,0.918,17.88,cellular,0.8,martensite/ferrite,Cu-rich precipitates,martensitic matrix after aging,933.26,1118.45,16.73,316.66,200.8,14.22,A
demo_0022,demo_literature_style_IN625,IN625,Ni superalloy,Ni,PBF,L-PBF,Renishaw AM250,342.19,625.44,100.75,20.0,84.42,Z,horizontal,as-built,8440,1320,9.2,429,12.8,92.5,7.495,17.4,columnar,0.8,gamma,carbides/Laves possible,cellular dendritic gamma,557.46,728.41,26.41,175.21,203.1,14.14,B
demo_0023,demo_literature_style_IN625,IN625,Ni superalloy,Ni,PBF,L-PBF,Sciaky EBAM,383.3,974.57,128.12,40.0,74.27,XZ,horizontal,HIP,8440,1320,9.2,429,12.8,98.588,1.396,17.94,cellular,0.81,gamma,carbides/Laves possible,cellular dendritic gamma,690.65,814.79,41.42,228.61,207.36,24.69,C
demo_0024,demo_literature_style_AlSi7Mg,AlSi7Mg,aluminum alloy,Al,PBF,L-PBF,Concept Laser M2,204.39,1023.8,128.18,30.0,88.49,XZ,horizontal,stress relieved,2670,570,140.0,890,21.5,98.627,1.425,34.25,mixed columnar-equiaxed,3.7,alpha-Al,Si/Mg2Si,fine Al-Si eutectic/cellular network,268.04,350.43,8.09,106.45,70.38,13.01,B
demo_0025,demo_literature_style_CoCrMo,CoCrMo,cobalt alloy,Co,PBF,L-PBF,Custom Lab System,251.16,1405.59,118.42,60.0,74.07,XY,vertical,aged,8400,1390,13.0,450,14.0,97.266,2.732,15.7,cellular,1.25,gamma/fcc cobalt,carbides,"columnar grains, carbide particles",821.22,957.12,10.06,279.31,215.68,20.14,B
demo_0026,demo_literature_style_CuCrZr,CuCrZr,copper alloy,Cu,DED,L-DED,Renishaw AM250,801.81,18.13,486.07,587.81,1697.79,XZ,vertical,solution+aged,8900,1085,320.0,380,17.0,92.5,7.442,55.44,dendritic,1.28,Cu,Cr/Zr precipitates,Cu matrix with precipitation after aging,248.5,349.01,1.6,56.18,117.98,16.79,B
demo_0027,demo_literature_style_CoCrMo,CoCrMo,cobalt alloy,Co,PBF,L-PBF,SLM 280,185.02,1107.13,83.42,50.0,93.95,XY,vertical,aged,8400,1390,13.0,450,14.0,98.189,1.804,33.59,columnar,2.7,gamma/fcc cobalt,carbides,"columnar grains, carbide particles",780.98,922.83,7.82,238.01,222.01,26.22,C
demo_0028,demo_literature_style_H13_Tool_Steel,H13 Tool Steel,tool steel,Fe,DED,L-DED,EOS M290,669.93,19.01,815.78,515.76,977.56,XY,45deg,stress relieved,7800,1427,28.6,460,10.4,97.417,2.583,54.91,dendritic,1.09,martensite,carbides,martensitic/carbide structure,1125.89,1225.79,1.13,376.63,209.0,8.15,B
demo_0029,demo_literature_style_AlSi7Mg,AlSi7Mg,aluminum alloy,Al,PBF,L-PBF,Sciaky EBAM,190.21,1318.89,111.17,60.0,63.17,Z,45deg,solution+aged,2670,570,140.0,890,21.5,96.691,3.269,18.51,fine equiaxed,2.34,alpha-Al,Si/Mg2Si,fine Al-Si eutectic/cellular network,287.8,364.65,2.67,91.33,78.03,20.95,B
demo_0030,demo_literature_style_IN625,IN625,Ni superalloy,Ni,PBF,L-PBF,Trumpf TruPrint,366.2,701.89,106.22,30.0,98.72,XY,horizontal,as-built,8440,1320,9.2,429,12.8,92.612,7.374,23.45,columnar,3.62,gamma,carbides/Laves possible,cellular dendritic gamma,530.74,767.47,21.4,183.31,205.79,24.09,C
demo_0031,demo_literature_style_Maraging_Steel_M300,Maraging Steel M300,maraging steel,Fe,DED,WAAM,Trumpf TruPrint,1941.63,9.7,1282.16,1091.5,2758.92,Z,horizontal,aged,8100,1413,14.2,452,10.3,92.5,7.556,24.64,dendritic,0.8,martensite,Ni/Ti/Mo precipitates after aging,"martensitic, precipitate strengthened after aging",1031.48,1111.48,1.0,373.41,191.78,18.59,A
demo_0032,demo_literature_style_CuCrZr,CuCrZr,copper alloy,Cu,PBF,L-PBF,Sciaky EBAM,260.1,988.75,105.12,20.0,69.06,XY,45deg,HIP,8900,1085,320.0,380,17.0,97.239,2.68,28.74,mixed columnar-equiaxed,3.27,Cu,Cr/Zr precipitates,Cu matrix with precipitation after aging,298.67,366.38,21.24,113.09,123.85,8.14,C
demo_0033,demo_literature_style_CuCrZr,CuCrZr,copper alloy,Cu,PBF,L-PBF,EOS M400,173.63,1418.34,124.42,20.0,70.54,Z,vertical,solution+aged,8900,1085,320.0,380,17.0,98.713,1.299,24.0,columnar,2.44,Cu,Cr/Zr precipitates,Cu matrix with precipitation after aging,411.25,500.93,16.75,106.67,119.13,9.73,B
demo_0034,demo_literature_style_Ti6Al4V,Ti6Al4V,titanium alloy,Ti,DED,WAAM,Sciaky EBAM,2740.37,10.98,2590.01,889.91,2650.88,Z,horizontal,as-built,4430,1660,7.1,560,8.6,93.835,6.115,52.61,dendritic,1.74,alpha/beta,alpha prime martensite possible,"prior beta grains, alpha laths",872.14,1013.49,1.89,313.18,115.52,8.08,B
demo_0035,demo_literature_style_Maraging_Steel_M300,Maraging Steel M300,maraging steel,Fe,DED,L-DED,Renishaw AM250,708.99,5.3,824.82,633.77,1548.46,Z,45deg,HIP,8100,1413,14.2,452,10.3,92.5,7.454,61.35,mixed columnar-equiaxed,2.61,martensite,Ni/Ti/Mo precipitates after aging,"martensitic, precipitate strengthened after aging",964.12,1096.09,1.0,312.01,190.46,9.48,B
demo_0036,demo_literature_style_316L,316L,stainless steel,Fe,PBF,L-PBF,Renishaw AM250,246.52,807.23,110.07,60.0,69.0,XZ,45deg,solution+aged,7990,1385,16.2,500,16.0,99.204,0.655,16.15,cellular,1.13,austenite,delta ferrite/carbides possible,"cellular austenite, dislocation cells",626.83,709.19,35.53,210.78,194.89,25.82,B
demo_0037,demo_literature_style_Ti6Al4V_ELI,Ti6Al4V ELI,titanium alloy,Ti,PBF,L-PBF,Trumpf TruPrint,145.18,1093.29,117.87,40.0,76.48,XZ,vertical,stress relieved,4420,1650,7.0,526,8.5,98.353,1.635,30.56,columnar,2.9,alpha/beta,alpha prime martensite possible,fine alpha prime in as-built LPBF,907.11,1109.26,10.88,290.33,109.44,24.43,C
demo_0038,demo_literature_style_Ti6Al4V,Ti6Al4V,titanium alloy,Ti,PBF,L-PBF,Custom Lab System,187.78,1347.02,123.29,40.0,90.09,XZ,vertical,solution+aged,4430,1660,7.1,560,8.6,97.193,2.879,17.0,mixed columnar-equiaxed,3.35,alpha/beta,alpha prime martensite possible,"prior beta grains, alpha laths",899.11,996.07,9.28,316.97,106.51,22.09,B
demo_0039,demo_literature_style_CoCrMo,CoCrMo,cobalt alloy,Co,PBF,L-PBF,Renishaw AM250,212.23,1480.46,116.77,60.0,65.22,Z,horizontal,aged,8400,1390,13.0,450,14.0,96.67,3.281,22.56,mixed columnar-equiaxed,2.89,gamma/fcc cobalt,carbides,"columnar grains, carbide particles",796.39,957.59,7.09,266.23,216.81,9.47,A
demo_0040,demo_literature_style_Ti6Al4V,Ti6Al4V,titanium alloy,Ti,PBF,L-PBF,Custom Lab System,308.79,716.02,80.33,50.0,64.65,XY,45deg,HIP,4430,1660,7.1,560,8.6,98.055,1.856,11.49,mixed columnar-equiaxed,1.55,alpha/beta,alpha prime martensite possible,"prior beta grains, alpha laths",934.42,1088.02,14.49,330.51,106.37,10.39,B
demo_0041,demo_literature_style_CuCrZr,CuCrZr,copper alloy,Cu,PBF,L-PBF,EOS M400,309.11,960.22,124.97,40.0,80.92,Z,vertical,aged,8900,1085,320.0,380,17.0,99.394,0.636,13.33,mixed columnar-equiaxed,3.19,Cu,Cr/Zr precipitates,Cu matrix with precipitation after aging,409.82,521.82,18.38,129.04,114.76,28.54,A
demo_0042,demo_literature_style_Ti6Al4V_ELI,Ti6Al4V ELI,titanium alloy,Ti,PBF,L-PBF,Custom Lab System,205.61,1174.86,71.5,60.0,62.37,XY,horizontal,as-built,4420,1650,7.0,526,8.5,98.45,1.698,15.5,columnar,1.7,alpha/beta,alpha prime martensite possible,fine alpha prime in as-built LPBF,991.66,1094.49,13.52,328.19,114.73,7.66,A
demo_0043,demo_literature_style_AlSi7Mg,AlSi7Mg,aluminum alloy,Al,PBF,L-PBF,Concept Laser M2,416.91,1082.57,88.0,20.0,72.88,XZ,45deg,aged,2670,570,140.0,890,21.5,92.5,7.51,37.32,columnar,3.26,alpha-Al,Si/Mg2Si,fine Al-Si eutectic/cellular network,187.43,248.41,1.0,27.52,64.39,17.91,C
demo_0044,demo_literature_style_CoCrMo,CoCrMo,cobalt alloy,Co,DED,L-DED,Concept Laser M2,1199.76,11.45,1028.28,320.97,1099.55,Z,45deg,solution+aged,8400,1390,13.0,450,14.0,92.5,7.524,61.55,mixed columnar-equiaxed,2.54,gamma/fcc cobalt,carbides,"columnar grains, carbide particles",742.95,934.98,1.51,250.26,224.83,21.08,B
demo_0045,demo_literature_style_AlSi7Mg,AlSi7Mg,aluminum alloy,Al,PBF,L-PBF,EOS M400,197.83,755.77,115.87,30.0,92.56,Z,vertical,as-built,2670,570,140.0,890,21.5,98.695,1.362,11.9,columnar,2.99,alpha-Al,Si/Mg2Si,fine Al-Si eutectic/cellular network,295.39,359.71,4.28,104.74,65.08,21.38,B
demo_0046,demo_literature_style_AlSi10Mg,AlSi10Mg,aluminum alloy,Al,PBF,L-PBF,Renishaw AM250,395.2,966.41,85.58,50.0,71.76,Z,vertical,solution+aged,2680,580,160.0,910,20.5,99.06,0.957,35.05,mixed columnar-equiaxed,2.74,alpha-Al,Si network/Mg2Si,fine Si cellular network,307.34,361.22,1.0,108.26,63.46,24.06,B
demo_0047,demo_literature_style_Ti6Al4V,Ti6Al4V,titanium alloy,Ti,PBF,L-PBF,EOS M400,321.62,1172.69,114.57,20.0,64.1,XZ,vertical,stress relieved,4430,1660,7.1,560,8.6,98.409,1.599,14.92,cellular,0.87,alpha/beta,alpha prime martensite possible,"prior beta grains, alpha laths",928.79,1130.61,12.22,343.76,108.81,14.68,C
demo_0048,demo_literature_style_Ti6Al4V,Ti6Al4V,titanium alloy,Ti,DED,WAAM,Custom Lab System,2495.4,8.83,1842.27,1781.2,3087.05,XZ,horizontal,stress relieved,4430,1660,7.1,560,8.6,96.236,3.756,31.49,coarse equiaxed,0.8,alpha/beta,alpha prime martensite possible,"prior beta grains, alpha laths",890.09,1051.77,9.76,280.64,106.39,34.01,B
demo_0049,demo_literature_style_AlSi10Mg,AlSi10Mg,aluminum alloy,Al,PBF,L-PBF,EOS M290,212.71,705.32,74.62,60.0,61.31,XZ,horizontal,annealed,2680,580,160.0,910,20.5,99.572,0.42,22.2,mixed columnar-equiaxed,2.84,alpha-Al,Si network/Mg2Si,fine Si cellular network,254.79,318.51,16.11,79.87,74.62,23.39,C
demo_0050,demo_literature_style_AlSi7Mg,AlSi7Mg,aluminum alloy,Al,PBF,E-PBF,Concept Laser M2,1234.37,456.21,80.34,70.0,169.58,Z,vertical,HIP,2670,570,140.0,890,21.5,92.5,7.474,38.6,columnar,3.95,alpha-Al,Si/Mg2Si,fine Al-Si eutectic/cellular network,164.55,277.82,1.43,71.23,69.28,23.54,A
demo_0051,demo_literature_style_17-4PH,17-4PH,precipitation-hardening steel,Fe,DED,WAAM,Concept Laser M2,923.47,8.27,2097.63,979.4,1305.14,XY,horizontal,stress relieved,7800,1420,16.0,460,10.4,97.888,2.128,30.77,columnar,2.86,martensite/ferrite,Cu-rich precipitates,martensitic matrix after aging,945.51,1126.88,12.88,328.79,201.4,22.87,B
demo_0052,demo_literature_style_IN718,IN718,Ni superalloy,Ni,DED,L-DED,Concept Laser M2,880.65,12.42,651.19,661.16,787.12,XZ,45deg,HIP,8190,1298,9.0,435,14.0,92.5,7.589,46.84,mixed columnar-equiaxed,3.65,gamma,gamma prime/gamma double prime/Laves/delta,"columnar gamma grains, segregation, Laves possible",925.13,1145.09,12.66,321.38,205.49,14.89,B
demo_0053,demo_literature_style_CoCrMo,CoCrMo,cobalt alloy,Co,DED,L-DED,EOS M400,1065.88,19.32,681.09,599.56,1475.95,XZ,vertical,aged,8400,1390,13.0,450,14.0,92.5,7.462,19.23,coarse equiaxed,2.77,gamma/fcc cobalt,carbides,"columnar grains, carbide particles",702.74,878.2,1.0,233.06,220.94,30.04,A
demo_0054,demo_literature_style_H13_Tool_Steel,H13 Tool Steel,tool steel,Fe,PBF,L-PBF,EOS M400,225.96,1128.2,92.1,50.0,81.83,XZ,vertical,as-built,7800,1427,28.6,460,10.4,98.537,1.438,16.64,fine equiaxed,1.42,martensite,carbides,martensitic/carbide structure,1139.38,1276.1,7.93,390.91,210.83,29.61,A
demo_0055,demo_literature_style_Maraging_Steel_M300,Maraging Steel M300,maraging steel,Fe,DED,L-DED,Sciaky EBAM,1013.27,13.77,1058.22,528.25,742.74,XY,vertical,as-built,8100,1413,14.2,452,10.3,92.5,7.42,72.88,mixed columnar-equiaxed,4.35,martensite,Ni/Ti/Mo precipitates after aging,"martensitic, precipitate strengthened after aging",937.57,1131.96,1.0,288.67,188.87,12.53,B
demo_0056,demo_literature_style_CoCrMo,CoCrMo,cobalt alloy,Co,PBF,L-PBF,Custom Lab System,401.13,1004.17,88.52,30.0,80.22,Z,45deg,annealed,8400,1390,13.0,450,14.0,94.919,5.072,23.37,cellular,0.8,gamma/fcc cobalt,carbides,"columnar grains, carbide particles",717.64,929.79,11.09,237.08,222.45,11.46,B
demo_0057,demo_literature_style_17-4PH,17-4PH,precipitation-hardening steel,Fe,DED,WAAM,Concept Laser M2,1769.12,8.11,2545.51,2379.86,1045.16,Z,horizontal,annealed,7800,1420,16.0,460,10.4,99.435,0.495,41.49,columnar,2.1,martensite/ferrite,Cu-rich precipitates,martensitic matrix after aging,797.2,893.47,22.04,249.92,197.43,16.75,B
demo_0058,demo_literature_style_CoCrMo,CoCrMo,cobalt alloy,Co,DED,L-DED,Renishaw AM250,1076.08,16.07,783.41,351.83,1006.53,XZ,vertical,annealed,8400,1390,13.0,450,14.0,92.5,7.51,48.15,dendritic,3.24,gamma/fcc cobalt,carbides,"columnar grains, carbide particles",650.95,873.75,6.13,211.59,219.57,13.68,B
demo_0059,demo_literature_style_316L,316L,stainless steel,Fe,DED,WAAM,Custom Lab System,2521.69,6.31,2545.58,850.3,2356.31,Z,horizontal,as-built,7990,1385,16.2,500,16.0,92.5,7.488,46.07,columnar,3.44,austenite,delta ferrite/carbides possible,"cellular austenite, dislocation cells",433.07,544.5,28.04,152.41,196.77,13.51,B
demo_0060,demo_literature_style_CoCrMo,CoCrMo,cobalt alloy,Co,PBF,L-PBF,Optomec LENS,396.95,1477.85,94.6,40.0,81.93,Z,horizontal,HIP,8400,1390,13.0,450,14.0,99.268,0.708,11.77,columnar,2.12,gamma/fcc cobalt,carbides,"columnar grains, carbide particles",835.38,924.29,18.27,278.09,225.63,34.07,C
demo_0061,demo_literature_style_CoCrMo,CoCrMo,cobalt alloy,Co,DED,L-DED,SLM 280,939.33,5.4,629.72,271.74,1792.0,XY,45deg,HIP,8400,1390,13.0,450,14.0,92.5,7.556,51.41,columnar,2.7,gamma/fcc cobalt,carbides,"columnar grains, carbide particles",689.82,859.5,6.74,217.32,221.33,18.17,B
demo_0062,demo_literature_style_Ti6Al4V_ELI,Ti6Al4V ELI,titanium alloy,Ti,DED,L-DED,Optomec LENS,357.24,9.26,1047.61,481.72,571.88,XZ,45deg,solution+aged,4420,1650,7.0,526,8.5,97.521,2.494,49.14,dendritic,2.22,alpha/beta,alpha prime martensite possible,fine alpha prime in as-built LPBF,907.24,1126.17,13.53,297.21,101.62,23.46,A
demo_0063,demo_literature_style_Ti6Al4V,Ti6Al4V,titanium alloy,Ti,PBF,L-PBF,Optomec LENS,219.28,1228.28,124.29,40.0,78.85,XY,45deg,solution+aged,4430,1660,7.1,560,8.6,98.358,1.584,14.25,mixed columnar-equiaxed,2.82,alpha/beta,alpha prime martensite possible,"prior beta grains, alpha laths",990.64,1077.09,13.45,296.94,122.37,33.75,A
demo_0064,demo_literature_style_17-4PH,17-4PH,precipitation-hardening steel,Fe,PBF,L-PBF,Concept Laser M2,241.61,1224.62,84.8,40.0,72.09,Z,45deg,HIP,7800,1420,16.0,460,10.4,99.273,0.727,12.84,columnar,2.61,martensite/ferrite,Cu-rich precipitates,martensitic matrix after aging,894.6,1064.7,19.59,323.92,198.9,26.11,B
demo_0065,demo_literature_style_H13_Tool_Steel,H13 Tool Steel,tool steel,Fe,PBF,L-PBF,Sciaky EBAM,347.88,1054.86,83.25,30.0,70.87,XY,horizontal,HIP,7800,1427,28.6,460,10.4,96.392,3.677,19.9,cellular,1.66,martensite,carbides,martensitic/carbide structure,1096.64,1218.97,4.8,327.48,214.66,9.84,B
demo_0066,demo_literature_style_IN625,IN625,Ni superalloy,Ni,DED,WAAM,Concept Laser M2,2378.68,14.16,1314.46,1363.51,2186.5,XY,vertical,aged,8440,1320,9.2,429,12.8,95.799,4.223,30.84,columnar,2.9,gamma,carbides/Laves possible,cellular dendritic gamma,613.34,789.19,29.36,231.56,202.92,10.38,B
demo_0067,demo_literature_style_Ti6Al4V,Ti6Al4V,titanium alloy,Ti,PBF,L-PBF,Custom Lab System,220.18,923.99,71.47,50.0,67.5,Z,horizontal,HIP,4430,1660,7.1,560,8.6,99.078,0.906,16.79,columnar,4.25,alpha/beta,alpha prime martensite possible,"prior beta grains, alpha laths",1011.95,1112.66,15.97,331.53,109.53,9.39,B
demo_0068,demo_literature_style_Ti6Al4V_ELI,Ti6Al4V ELI,titanium alloy,Ti,PBF,L-PBF,EOS M400,315.4,1309.37,91.58,40.0,72.33,XY,horizontal,as-built,4420,1650,7.0,526,8.5,99.161,0.857,31.88,cellular,1.16,alpha/beta,alpha prime martensite possible,fine alpha prime in as-built LPBF,1024.32,1211.85,15.96,355.86,104.79,10.78,C
demo_0069,demo_literature_style_Maraging_Steel_M300,Maraging Steel M300,maraging steel,Fe,PBF,L-PBF,SLM 280,388.33,911.54,100.28,30.0,78.91,XY,vertical,as-built,8100,1413,14.2,452,10.3,95.522,4.451,13.95,cellular,2.6,martensite,Ni/Ti/Mo precipitates after aging,"martensitic, precipitate strengthened after aging",1001.42,1202.72,1.0,351.55,190.58,12.48,B
demo_0070,demo_literature_style_CuCrZr,CuCrZr,copper alloy,Cu,DED,L-DED,Sciaky EBAM,859.34,18.45,974.04,782.81,1687.74,XY,vertical,aged,8900,1085,320.0,380,17.0,98.124,1.779,44.03,coarse equiaxed,3.5,Cu,Cr/Zr precipitates,Cu matrix with precipitation after aging,362.7,420.41,15.2,117.86,123.85,18.44,B
demo_0071,demo_literature_style_H13_Tool_Steel,H13 Tool Steel,tool steel,Fe,PBF,L-PBF,Custom Lab System,362.27,814.31,82.4,40.0,85.74,Z,horizontal,stress relieved,7800,1427,28.6,460,10.4,96.161,3.82,23.2,mixed columnar-equiaxed,4.06,martensite,carbides,martensitic/carbide structure,1094.81,1278.32,7.07,400.02,208.72,16.9,C
demo_0072,demo_literature_style_H13_Tool_Steel,H13 Tool Steel,tool steel,Fe,PBF,E-PBF,Custom Lab System,1018.4,487.03,124.68,50.0,158.18,Z,horizontal,aged,7800,1427,28.6,460,10.4,92.5,7.394,59.73,fine equiaxed,1.5,martensite,carbides,martensitic/carbide structure,1023.15,1145.7,1.0,330.58,204.5,12.14,A
demo_0073,demo_literature_style_CuCrZr,CuCrZr,copper alloy,Cu,PBF,L-PBF,SLM 280,245.34,666.56,123.57,60.0,83.12,XY,45deg,solution+aged,8900,1085,320.0,380,17.0,99.231,0.8,23.47,fine equiaxed,3.53,Cu,Cr/Zr precipitates,Cu matrix with precipitation after aging,413.77,531.16,20.73,148.14,123.0,30.87,A
demo_0074,demo_literature_style_316L,316L,stainless steel,Fe,PBF,L-PBF,Sciaky EBAM,187.79,1198.51,117.53,30.0,62.9,Z,horizontal,annealed,7990,1385,16.2,500,16.0,98.493,1.484,23.97,cellular,1.27,austenite,delta ferrite/carbides possible,"cellular austenite, dislocation cells",562.3,767.15,44.72,190.05,186.32,31.57,A
demo_0075,demo_literature_style_CuCrZr,CuCrZr,copper alloy,Cu,PBF,L-PBF,Concept Laser M2,222.04,917.69,106.53,30.0,77.73,XY,45deg,aged,8900,1085,320.0,380,17.0,99.356,0.582,12.46,cellular,0.8,Cu,Cr/Zr precipitates,Cu matrix with precipitation after aging,444.4,575.09,22.87,176.68,126.75,8.07,C
demo_0076,demo_literature_style_17-4PH,17-4PH,precipitation-hardening steel,Fe,PBF,E-PBF,Custom Lab System,1253.02,680.03,139.87,70.0,161.42,XY,45deg,aged,7800,1420,16.0,460,10.4,92.5,7.576,45.19,cellular,1.63,martensite/ferrite,Cu-rich precipitates,martensitic matrix after aging,935.97,1129.16,3.7,305.01,203.83,11.95,C
demo_0077,demo_literature_style_IN718,IN718,Ni superalloy,Ni,DED,L-DED,SLM 280,620.4,22.37,1099.97,568.87,1481.94,XY,horizontal,annealed,8190,1298,9.0,435,14.0,99.413,0.577,27.42,coarse equiaxed,2.13,gamma,gamma prime/gamma double prime/Laves/delta,"columnar gamma grains, segregation, Laves possible",1006.82,1162.24,25.97,358.15,201.11,33.97,C
demo_0078,demo_literature_style_AlSi7Mg,AlSi7Mg,aluminum alloy,Al,DED,L-DED,Concept Laser M2,871.56,5.33,1092.23,277.33,1139.92,XY,vertical,as-built,2670,570,140.0,890,21.5,92.5,7.444,26.82,mixed columnar-equiaxed,2.62,alpha-Al,Si/Mg2Si,fine Al-Si eutectic/cellular network,118.5,245.89,1.0,20.0,76.79,20.74,B
demo_0079,demo_literature_style_17-4PH,17-4PH,precipitation-hardening steel,Fe,PBF,L-PBF,Concept Laser M2,336.29,1277.22,90.09,20.0,62.4,Z,vertical,annealed,7800,1420,16.0,460,10.4,95.318,4.727,33.27,columnar,3.34,martensite/ferrite,Cu-rich precipitates,martensitic matrix after aging,814.43,920.02,11.98,293.03,194.26,24.22,B
demo_0080,demo_literature_style_316L,316L,stainless steel,Fe,PBF,L-PBF,EOS M400,191.51,1286.14,71.66,40.0,68.45,Z,vertical,HIP,7990,1385,16.2,500,16.0,99.123,0.864,18.12,fine equiaxed,0.8,austenite,delta ferrite/carbides possible,"cellular austenite, dislocation cells",572.2,657.96,38.05,174.71,189.61,15.91,B
demo_0081,demo_literature_style_CuCrZr,CuCrZr,copper alloy,Cu,PBF,L-PBF,Sciaky EBAM,198.56,1150.52,84.66,20.0,99.54,XZ,45deg,solution+aged,8900,1085,320.0,380,17.0,98.721,1.251,13.74,cellular,1.5,Cu,Cr/Zr precipitates,Cu matrix with precipitation after aging,394.6,501.93,19.07,122.96,114.34,32.44,A
demo_0082,demo_literature_style_CoCrMo,CoCrMo,cobalt alloy,Co,PBF,L-PBF,Sciaky EBAM,228.11,862.21,111.67,40.0,66.46,XY,vertical,as-built,8400,1390,13.0,450,14.0,98.752,1.285,35.63,cellular,1.97,gamma/fcc cobalt,carbides,"columnar grains, carbide particles",782.58,1006.64,14.07,250.45,218.31,19.31,C
demo_0083,demo_literature_style_IN718,IN718,Ni superalloy,Ni,PBF,L-PBF,Renishaw AM250,143.76,1305.06,90.13,50.0,75.71,Z,horizontal,stress relieved,8190,1298,9.0,435,14.0,96.593,3.358,12.0,columnar,2.86,gamma,gamma prime/gamma double prime/Laves/delta,"columnar gamma grains, segregation, Laves possible",917.05,1050.78,15.75,272.92,209.93,18.42,B
demo_0084,demo_literature_style_IN625,IN625,Ni superalloy,Ni,PBF,L-PBF,EOS M400,286.77,1404.23,118.35,30.0,62.63,Z,45deg,solution+aged,8440,1320,9.2,429,12.8,99.23,0.846,13.88,cellular,2.53,gamma,carbides/Laves possible,cellular dendritic gamma,725.72,846.17,36.29,238.35,199.84,21.75,B
demo_0085,demo_literature_style_Ti6Al4V_ELI,Ti6Al4V ELI,titanium alloy,Ti,PBF,L-PBF,EOS M290,338.09,771.34,123.21,20.0,68.44,XZ,vertical,HIP,4420,1650,7.0,526,8.5,92.5,7.337,23.24,cellular,2.73,alpha/beta,alpha prime martensite possible,fine alpha prime in as-built LPBF,812.47,898.06,2.89,303.75,112.77,29.57,C
demo_0086,demo_literature_style_AlSi10Mg,AlSi10Mg,aluminum alloy,Al,PBF,L-PBF,Trumpf TruPrint,379.06,1302.36,77.94,20.0,99.81,XY,vertical,stress relieved,2680,580,160.0,910,20.5,92.5,7.461,31.4,cellular,1.74,alpha-Al,Si network/Mg2Si,fine Si cellular network,124.04,169.94,1.0,33.65,57.03,34.84,B
demo_0087,demo_literature_style_316L,316L,stainless steel,Fe,PBF,L-PBF,SLM 280,402.61,1056.55,72.91,50.0,95.64,Z,vertical,annealed,7990,1385,16.2,500,16.0,98.723,1.34,20.88,cellular,2.23,austenite,delta ferrite/carbides possible,"cellular austenite, dislocation cells",503.84,625.21,39.5,172.45,183.97,6.27,A
demo_0088,demo_literature_style_H13_Tool_Steel,H13 Tool Steel,tool steel,Fe,PBF,L-PBF,EOS M400,392.76,851.42,129.42,60.0,95.6,XZ,horizontal,annealed,7800,1427,28.6,460,10.4,99.523,0.421,17.79,cellular,1.95,martensite,carbides,martensitic/carbide structure,1099.73,1239.99,15.2,363.49,208.14,30.38,C
demo_0089,demo_literature_style_IN718,IN718,Ni superalloy,Ni,DED,L-DED,Concept Laser M2,1073.34,6.6,722.98,295.0,949.12,Z,horizontal,annealed,8190,1298,9.0,435,14.0,92.5,7.474,46.75,columnar,3.78,gamma,gamma prime/gamma double prime/Laves/delta,"columnar gamma grains, segregation, Laves possible",859.44,1066.14,15.42,304.22,212.95,11.2,B
demo_0090,demo_literature_style_Ti6Al4V_ELI,Ti6Al4V ELI,titanium alloy,Ti,DED,WAAM,Trumpf TruPrint,2327.62,7.9,1015.52,1743.47,3034.88,XZ,45deg,HIP,4420,1650,7.0,526,8.5,92.5,7.473,38.4,columnar,2.23,alpha/beta,alpha prime martensite possible,fine alpha prime in as-built LPBF,852.53,1038.19,5.87,304.96,112.55,34.97,A
demo_0091,demo_literature_style_CuCrZr,CuCrZr,copper alloy,Cu,PBF,L-PBF,EOS M400,365.5,1186.94,99.9,30.0,80.48,XY,45deg,aged,8900,1085,320.0,380,17.0,98.376,1.564,23.73,cellular,3.35,Cu,Cr/Zr precipitates,Cu matrix with precipitation after aging,362.66,444.9,20.31,163.46,131.94,23.81,C
demo_0092,demo_literature_style_AlSi7Mg,AlSi7Mg,aluminum alloy,Al,PBF,L-PBF,Sciaky EBAM,284.23,970.16,84.76,60.0,81.84,XY,45deg,stress relieved,2670,570,140.0,890,21.5,99.711,0.268,15.58,mixed columnar-equiaxed,1.91,alpha-Al,Si/Mg2Si,fine Al-Si eutectic/cellular network,282.34,325.16,11.23,59.83,65.54,33.07,B
demo_0093,demo_literature_style_Ti6Al4V,Ti6Al4V,titanium alloy,Ti,PBF,L-PBF,Concept Laser M2,272.68,1017.91,87.29,20.0,73.54,XZ,vertical,annealed,4430,1660,7.1,560,8.6,94.201,5.785,16.77,cellular,1.74,alpha/beta,alpha prime martensite possible,"prior beta grains, alpha laths",865.32,1103.39,1.0,298.2,114.03,28.63,B
demo_0094,demo_literature_style_IN718,IN718,Ni superalloy,Ni,PBF,L-PBF,Renishaw AM250,170.21,1084.0,112.05,30.0,80.65,XY,vertical,solution+aged,8190,1298,9.0,435,14.0,98.938,1.026,18.46,cellular,2.37,gamma,gamma prime/gamma double prime/Laves/delta,"columnar gamma grains, segregation, Laves possible",1046.63,1207.61,17.78,346.79,200.23,18.49,B
demo_0095,demo_literature_style_CoCrMo,CoCrMo,cobalt alloy,Co,DED,L-DED,Trumpf TruPrint,578.39,23.75,934.26,766.6,1496.75,XZ,45deg,HIP,8400,1390,13.0,450,14.0,98.969,1.081,38.63,columnar,1.95,gamma/fcc cobalt,carbides,"columnar grains, carbide particles",891.79,1104.1,17.66,330.75,221.78,24.11,C
demo_0096,demo_literature_style_Ti6Al4V,Ti6Al4V,titanium alloy,Ti,PBF,L-PBF,Custom Lab System,325.67,659.69,84.97,50.0,97.29,XY,horizontal,stress relieved,4430,1660,7.1,560,8.6,97.863,2.082,13.88,cellular,3.05,alpha/beta,alpha prime martensite possible,"prior beta grains, alpha laths",906.68,1110.38,15.73,282.04,111.93,10.29,B
demo_0097,demo_literature_style_Ti6Al4V_ELI,Ti6Al4V ELI,titanium alloy,Ti,PBF,L-PBF,Optomec LENS,162.97,1306.56,89.5,50.0,78.33,XZ,horizontal,aged,4420,1650,7.0,526,8.5,97.731,2.189,24.7,mixed columnar-equiaxed,3.1,alpha/beta,alpha prime martensite possible,fine alpha prime in as-built LPBF,952.53,1078.68,13.78,328.39,113.12,23.93,C
demo_0098,demo_literature_style_H13_Tool_Steel,H13 Tool Steel,tool steel,Fe,PBF,L-PBF,EOS M290,331.83,742.68,87.26,30.0,93.44,XZ,vertical,HIP,7800,1427,28.6,460,10.4,92.5,7.412,12.76,cellular,0.8,martensite,carbides,martensitic/carbide structure,980.0,1151.98,1.0,327.65,214.45,32.82,B
demo_0099,demo_literature_style_Maraging_Steel_M300,Maraging Steel M300,maraging steel,Fe,DED,WAAM,SLM 280,1194.42,12.94,2758.94,952.64,3262.04,XY,45deg,stress relieved,8100,1413,14.2,452,10.3,99.507,0.509,68.41,dendritic,1.72,martensite,Ni/Ti/Mo precipitates after aging,"martensitic, precipitate strengthened after aging",1144.32,1364.29,9.63,407.47,191.79,13.65,B
demo_0100,demo_literature_style_Ti6Al4V_ELI,Ti6Al4V ELI,titanium alloy,Ti,PBF,L-PBF,Concept Laser M2,233.02,729.55,90.35,50.0,79.31,XY,vertical,solution+aged,4420,1650,7.0,526,8.5,98.852,1.124,13.47,columnar,2.4,alpha/beta,alpha prime martensite possible,fine alpha prime in as-built LPBF,997.97,1229.16,9.88,302.24,118.33,30.79,B
demo_0101,demo_literature_style_316L,316L,stainless steel,Fe,PBF,L-PBF,EOS M400,384.62,1102.63,120.15,30.0,83.42,XZ,45deg,HIP,7990,1385,16.2,500,16.0,98.757,1.263,20.32,columnar,3.54,austenite,delta ferrite/carbides possible,"cellular austenite, dislocation cells",576.61,808.76,44.8,185.84,188.28,30.58,C
demo_0102,demo_literature_style_AlSi7Mg,AlSi7Mg,aluminum alloy,Al,PBF,L-PBF,Custom Lab System,299.84,888.17,72.58,60.0,63.81,Z,horizontal,as-built,2670,570,140.0,890,21.5,99.383,0.633,16.31,cellular,2.53,alpha-Al,Si/Mg2Si,fine Al-Si eutectic/cellular network,241.64,312.98,11.77,96.52,73.89,33.16,A
demo_0103,demo_literature_style_H13_Tool_Steel,H13 Tool Steel,tool steel,Fe,PBF,E-PBF,EOS M290,2418.85,856.94,126.21,100.0,216.68,XY,horizontal,HIP,7800,1427,28.6,460,10.4,92.5,7.582,34.83,columnar,3.39,martensite,carbides,martensitic/carbide structure,1026.15,1245.33,2.51,317.51,212.69,28.27,B
demo_0104,demo_literature_style_Ti6Al4V_ELI,Ti6Al4V ELI,titanium alloy,Ti,PBF,L-PBF,Renishaw AM250,324.12,1159.8,70.87,40.0,64.68,Z,45deg,as-built,4420,1650,7.0,526,8.5,98.395,1.59,10.87,mixed columnar-equiaxed,2.97,alpha/beta,alpha prime martensite possible,fine alpha prime in as-built LPBF,997.91,1078.64,15.14,345.29,107.9,33.22,B
demo_0105,demo_literature_style_CoCrMo,CoCrMo,cobalt alloy,Co,PBF,L-PBF,Concept Laser M2,297.16,1071.89,102.62,40.0,69.58,Z,horizontal,solution+aged,8400,1390,13.0,450,14.0,98.736,1.265,20.21,cellular,1.51,gamma/fcc cobalt,carbides,"columnar grains, carbide particles",837.45,972.23,11.22,292.44,223.16,22.81,B
demo_0106,demo_literature_style_AlSi10Mg,AlSi10Mg,aluminum alloy,Al,PBF,L-PBF,Concept Laser M2,156.79,978.6,76.0,50.0,89.1,XZ,horizontal,aged,2680,580,160.0,910,20.5,98.394,1.538,25.18,cellular,3.54,alpha-Al,Si network/Mg2Si,fine Si cellular network,270.01,328.55,7.8,81.69,56.02,7.14,B
demo_0107,demo_literature_style_IN625,IN625,Ni superalloy,Ni,PBF,L-PBF,Custom Lab System,386.44,924.61,128.16,30.0,95.16,XY,vertical,stress relieved,8440,1320,9.2,429,12.8,98.315,1.667,12.18,columnar,4.33,gamma,carbides/Laves possible,cellular dendritic gamma,677.05,783.07,32.33,237.51,209.15,21.41,A
demo_0108,demo_literature_style_AlSi10Mg,AlSi10Mg,aluminum alloy,Al,PBF,E-PBF,Sciaky EBAM,1628.11,887.76,169.62,100.0,206.21,Z,horizontal,annealed,2680,580,160.0,910,20.5,93.621,6.409,116.82,cellular,0.8,alpha-Al,Si network/Mg2Si,fine Si cellular network,171.41,303.09,4.27,40.21,71.26,25.56,C
demo_0109,demo_literature_style_17-4PH,17-4PH,precipitation-hardening steel,Fe,PBF,L-PBF,SLM 280,240.97,770.34,84.87,30.0,93.95,XZ,vertical,solution+aged,7800,1420,16.0,460,10.4,97.536,2.476,18.24,fine equiaxed,0.8,martensite/ferrite,Cu-rich precipitates,martensitic matrix after aging,1008.55,1215.01,9.65,300.77,193.13,33.36,A
demo_0110,demo_literature_style_H13_Tool_Steel,H13 Tool Steel,tool steel,Fe,PBF,L-PBF,SLM 280,271.93,1056.75,92.71,40.0,69.24,XY,vertical,HIP,7800,1427,28.6,460,10.4,99.98,0.0,15.61,columnar,3.71,martensite,carbides,martensitic/carbide structure,1215.29,1340.43,6.13,377.47,212.14,21.31,B
demo_0111,demo_literature_style_H13_Tool_Steel,H13 Tool Steel,tool steel,Fe,DED,L-DED,SLM 280,457.2,23.63,1083.35,515.67,1480.41,XZ,horizontal,as-built,7800,1427,28.6,460,10.4,99.094,0.937,54.22,dendritic,3.14,martensite,carbides,martensitic/carbide structure,1158.57,1274.32,12.63,404.4,213.98,22.31,B
demo_0112,demo_literature_style_Ti6Al4V_ELI,Ti6Al4V ELI,titanium alloy,Ti,PBF,L-PBF,Sciaky EBAM,302.25,1157.69,75.54,20.0,98.24,Z,vertical,annealed,4420,1650,7.0,526,8.5,92.5,7.527,15.01,cellular,3.2,alpha/beta,alpha prime martensite possible,fine alpha prime in as-built LPBF,794.46,882.88,2.18,257.89,106.95,29.12,B
demo_0113,demo_literature_style_Ti6Al4V_ELI,Ti6Al4V ELI,titanium alloy,Ti,PBF,L-PBF,Renishaw AM250,409.3,1017.0,86.89,60.0,80.94,XZ,horizontal,solution+aged,4420,1650,7.0,526,8.5,98.417,1.653,10.22,fine equiaxed,0.87,alpha/beta,alpha prime martensite possible,fine alpha prime in as-built LPBF,953.0,1179.19,17.33,325.38,100.02,10.3,A
demo_0114,demo_literature_style_Ti6Al4V_ELI,Ti6Al4V ELI,titanium alloy,Ti,PBF,L-PBF,EOS M290,266.19,1082.69,83.36,50.0,79.2,XY,horizontal,aged,4420,1650,7.0,526,8.5,99.265,0.696,21.53,columnar,2.74,alpha/beta,alpha prime martensite possible,fine alpha prime in as-built LPBF,1001.84,1201.33,13.49,330.46,112.1,24.43,C
demo_0115,demo_literature_style_AlSi7Mg,AlSi7Mg,aluminum alloy,Al,DED,L-DED,EOS M400,396.19,15.0,1012.99,682.87,1591.22,XY,45deg,annealed,2670,570,140.0,890,21.5,99.179,0.866,37.12,columnar,2.09,alpha-Al,Si/Mg2Si,fine Al-Si eutectic/cellular network,256.96,363.12,12.28,87.02,74.26,12.55,B
demo_0116,demo_literature_style_Ti6Al4V_ELI,Ti6Al4V ELI,titanium alloy,Ti,PBF,L-PBF,Concept Laser M2,222.81,939.26,115.66,40.0,63.17,Z,45deg,aged,4420,1650,7.0,526,8.5,98.953,1.004,18.48,columnar,3.06,alpha/beta,alpha prime martensite possible,fine alpha prime in as-built LPBF,967.36,1128.03,12.66,300.41,106.47,15.36,C
demo_0117,demo_literature_style_IN625,IN625,Ni superalloy,Ni,DED,WAAM,EOS M400,1924.44,4.7,2049.25,1326.02,1163.99,XZ,horizontal,HIP,8440,1320,9.2,429,12.8,92.5,7.46,65.87,columnar,3.16,gamma,carbides/Laves possible,cellular dendritic gamma,575.17,732.96,28.42,182.39,200.45,33.29,A
demo_0118,demo_literature_style_IN625,IN625,Ni superalloy,Ni,PBF,L-PBF,SLM 280,242.22,1159.22,89.72,50.0,60.46,XZ,45deg,as-built,8440,1320,9.2,429,12.8,98.412,1.62,13.98,fine equiaxed,1.35,gamma,carbides/Laves possible,cellular dendritic gamma,624.37,733.83,33.55,190.74,208.91,7.11,B
demo_0119,demo_literature_style_IN718,IN718,Ni superalloy,Ni,DED,L-DED,Sciaky EBAM,811.74,22.27,573.52,296.57,1532.36,XY,horizontal,HIP,8190,1298,9.0,435,14.0,92.5,7.502,41.89,columnar,3.19,gamma,gamma prime/gamma double prime/Laves/delta,"columnar gamma grains, segregation, Laves possible",909.86,998.72,11.63,301.03,201.24,19.17,B
demo_0120,demo_literature_style_CoCrMo,CoCrMo,cobalt alloy,Co,DED,L-DED,Sciaky EBAM,763.56,6.73,953.52,794.33,1006.06,XY,vertical,stress relieved,8400,1390,13.0,450,14.0,92.5,7.516,43.61,dendritic,1.63,gamma/fcc cobalt,carbides,"columnar grains, carbide particles",664.53,795.14,1.0,231.18,214.02,33.2,C
demo_0121,demo_literature_style_Ti6Al4V_ELI,Ti6Al4V ELI,titanium alloy,Ti,DED,L-DED,Sciaky EBAM,335.42,17.97,879.16,638.73,1466.82,XY,horizontal,HIP,4420,1650,7.0,526,8.5,99.403,0.693,72.3,dendritic,2.49,alpha/beta,alpha prime martensite possible,fine alpha prime in as-built LPBF,975.68,1076.93,22.35,312.41,111.59,7.45,A
demo_0122,demo_literature_style_IN718,IN718,Ni superalloy,Ni,PBF,L-PBF,Concept Laser M2,369.14,1471.61,97.62,30.0,91.04,XZ,45deg,as-built,8190,1298,9.0,435,14.0,98.939,1.069,8.71,cellular,2.65,gamma,gamma prime/gamma double prime/Laves/delta,"columnar gamma grains, segregation, Laves possible",1041.95,1129.18,21.17,348.71,195.48,33.4,A
demo_0123,demo_literature_style_IN718,IN718,Ni superalloy,Ni,PBF,E-PBF,Concept Laser M2,2204.43,394.05,140.67,70.0,121.96,XY,vertical,solution+aged,8190,1298,9.0,435,14.0,92.5,7.551,44.62,fine equiaxed,2.04,gamma,gamma prime/gamma double prime/Laves/delta,"columnar gamma grains, segregation, Laves possible",980.14,1130.26,1.54,313.91,198.49,34.34,A
demo_0124,demo_literature_style_316L,316L,stainless steel,Fe,DED,L-DED,Sciaky EBAM,1025.9,22.07,1156.72,609.64,1672.41,XZ,vertical,as-built,7990,1385,16.2,500,16.0,98.37,1.715,45.21,coarse equiaxed,2.0,austenite,delta ferrite/carbides possible,"cellular austenite, dislocation cells",516.16,682.48,36.98,179.12,186.36,8.66,B
demo_0125,demo_literature_style_AlSi10Mg,AlSi10Mg,aluminum alloy,Al,DED,L-DED,Concept Laser M2,1083.92,22.62,720.46,240.97,639.58,Z,vertical,stress relieved,2680,580,160.0,910,20.5,92.5,7.382,36.99,columnar,2.11,alpha-Al,Si network/Mg2Si,fine Si cellular network,156.9,250.16,1.0,81.83,69.0,9.25,B
demo_0126,demo_literature_style_Maraging_Steel_M300,Maraging Steel M300,maraging steel,Fe,PBF,L-PBF,EOS M400,215.22,960.31,81.42,40.0,65.83,Z,vertical,annealed,8100,1413,14.2,452,10.3,98.825,1.153,32.24,cellular,1.78,martensite,Ni/Ti/Mo precipitates after aging,"martensitic, precipitate strengthened after aging",1014.94,1224.9,9.81,349.81,196.42,32.43,B
demo_0127,demo_literature_style_AlSi10Mg,AlSi10Mg,aluminum alloy,Al,DED,L-DED,EOS M290,951.62,14.57,529.93,674.62,871.25,XZ,vertical,stress relieved,2680,580,160.0,910,20.5,92.5,7.479,53.18,columnar,0.92,alpha-Al,Si network/Mg2Si,fine Si cellular network,138.53,191.95,1.0,42.75,75.67,16.15,B
demo_0128,demo_literature_style_Ti6Al4V,Ti6Al4V,titanium alloy,Ti,DED,WAAM,EOS M400,2994.86,7.53,2062.61,1781.81,2963.67,XY,horizontal,as-built,4430,1660,7.1,560,8.6,94.072,5.943,123.46,columnar,1.92,alpha/beta,alpha prime martensite possible,"prior beta grains, alpha laths",870.61,1099.83,7.39,313.02,115.78,9.49,A
demo_0129,demo_literature_style_AlSi10Mg,AlSi10Mg,aluminum alloy,Al,PBF,L-PBF,Renishaw AM250,139.59,1173.51,99.41,30.0,74.76,XZ,vertical,solution+aged,2680,580,160.0,910,20.5,98.361,1.668,11.88,cellular,1.45,alpha-Al,Si network/Mg2Si,fine Si cellular network,277.5,388.44,5.45,118.42,71.58,24.22,C
demo_0130,demo_literature_style_Maraging_Steel_M300,Maraging Steel M300,maraging steel,Fe,DED,L-DED,EOS M400,878.1,15.69,722.22,688.3,1184.69,XZ,45deg,stress relieved,8100,1413,14.2,452,10.3,94.426,5.657,49.14,dendritic,3.68,martensite,Ni/Ti/Mo precipitates after aging,"martensitic, precipitate strengthened after aging",982.81,1143.37,1.0,369.62,191.55,33.09,B
demo_0131,demo_literature_style_IN718,IN718,Ni superalloy,Ni,PBF,L-PBF,SLM 280,372.5,767.08,122.41,20.0,98.73,XZ,vertical,annealed,8190,1298,9.0,435,14.0,92.5,7.564,17.9,mixed columnar-equiaxed,2.59,gamma,gamma prime/gamma double prime/Laves/delta,"columnar gamma grains, segregation, Laves possible",797.94,911.91,9.42,257.14,202.68,21.23,B
demo_0132,demo_literature_style_Ti6Al4V,Ti6Al4V,titanium alloy,Ti,PBF,L-PBF,SLM 280,343.69,1494.07,112.1,40.0,84.57,XZ,vertical,stress relieved,4430,1660,7.1,560,8.6,98.553,1.394,26.15,mixed columnar-equiaxed,3.06,alpha/beta,alpha prime martensite possible,"prior beta grains, alpha laths",953.79,1090.95,9.3,313.46,114.39,21.75,A
demo_0133,demo_literature_style_AlSi10Mg,AlSi10Mg,aluminum alloy,Al,PBF,L-PBF,EOS M400,129.67,877.45,113.12,40.0,94.49,Z,45deg,stress relieved,2680,580,160.0,910,20.5,97.634,2.439,18.34,columnar,2.13,alpha-Al,Si network/Mg2Si,fine Si cellular network,305.83,379.95,3.07,93.38,79.45,16.94,C
demo_0134,demo_literature_style_316L,316L,stainless steel,Fe,PBF,L-PBF,Trumpf TruPrint,159.65,1428.77,113.58,20.0,93.06,XY,horizontal,HIP,7990,1385,16.2,500,16.0,98.927,1.076,11.99,mixed columnar-equiaxed,3.29,austenite,delta ferrite/carbides possible,"cellular austenite, dislocation cells",557.96,667.58,45.53,184.35,191.24,6.88,B
demo_0135,demo_literature_style_Ti6Al4V_ELI,Ti6Al4V ELI,titanium alloy,Ti,PBF,L-PBF,SLM 280,231.77,861.21,120.96,40.0,63.53,XY,45deg,stress relieved,4420,1650,7.0,526,8.5,98.633,1.356,42.75,fine equiaxed,0.82,alpha/beta,alpha prime martensite possible,fine alpha prime in as-built LPBF,892.64,1003.16,17.9,303.21,110.38,33.82,B
demo_0136,demo_literature_style_CoCrMo,CoCrMo,cobalt alloy,Co,DED,L-DED,EOS M290,631.91,20.77,616.19,783.59,997.56,XY,45deg,HIP,8400,1390,13.0,450,14.0,98.385,1.589,47.93,columnar,1.65,gamma/fcc cobalt,carbides,"columnar grains, carbide particles",857.62,960.9,14.81,327.86,222.08,16.45,B
demo_0137,demo_literature_style_Ti6Al4V_ELI,Ti6Al4V ELI,titanium alloy,Ti,PBF,L-PBF,Concept Laser M2,266.28,1491.74,115.92,50.0,66.41,XY,horizontal,annealed,4420,1650,7.0,526,8.5,97.834,2.154,23.89,cellular,1.88,alpha/beta,alpha prime martensite possible,fine alpha prime in as-built LPBF,868.91,1056.63,17.64,296.78,106.12,32.7,B
demo_0138,demo_literature_style_316L,316L,stainless steel,Fe,DED,L-DED,Concept Laser M2,302.19,11.22,695.85,683.65,1571.83,XY,45deg,HIP,7990,1385,16.2,500,16.0,98.931,1.032,59.63,dendritic,0.8,austenite,delta ferrite/carbides possible,"cellular austenite, dislocation cells",574.56,781.87,44.15,215.81,195.34,7.16,B
demo_0139,demo_literature_style_316L,316L,stainless steel,Fe,DED,L-DED,EOS M400,377.65,14.3,531.82,204.57,908.72,XZ,vertical,aged,7990,1385,16.2,500,16.0,92.5,7.5,46.4,columnar,3.71,austenite,delta ferrite/carbides possible,"cellular austenite, dislocation cells",500.73,605.79,24.86,142.73,186.4,15.5,B
demo_0140,demo_literature_style_CuCrZr,CuCrZr,copper alloy,Cu,PBF,L-PBF,Concept Laser M2,379.95,831.65,128.96,50.0,77.82,XZ,horizontal,solution+aged,8900,1085,320.0,380,17.0,98.616,1.348,19.16,cellular,3.4,Cu,Cr/Zr precipitates,Cu matrix with precipitation after aging,416.13,530.37,15.35,147.13,114.11,6.06,B
demo_0141,demo_literature_style_CuCrZr,CuCrZr,copper alloy,Cu,PBF,L-PBF,Trumpf TruPrint,306.75,1199.29,127.74,20.0,92.3,XZ,vertical,as-built,8900,1085,320.0,380,17.0,98.904,1.163,23.38,mixed columnar-equiaxed,1.55,Cu,Cr/Zr precipitates,Cu matrix with precipitation after aging,340.72,398.1,15.38,109.22,123.1,28.83,C
demo_0142,demo_literature_style_316L,316L,stainless steel,Fe,DED,L-DED,Optomec LENS,463.63,8.39,579.83,765.21,1614.47,XY,45deg,annealed,7990,1385,16.2,500,16.0,93.369,6.685,92.66,columnar,3.8,austenite,delta ferrite/carbides possible,"cellular austenite, dislocation cells",393.8,590.67,30.83,144.88,185.98,24.1,A
demo_0143,demo_literature_style_AlSi10Mg,AlSi10Mg,aluminum alloy,Al,DED,L-DED,Optomec LENS,889.99,11.39,1078.36,675.66,1700.46,Z,horizontal,HIP,2680,580,160.0,910,20.5,94.943,4.982,45.49,mixed columnar-equiaxed,3.67,alpha-Al,Si network/Mg2Si,fine Si cellular network,227.45,303.87,5.54,80.83,77.14,13.33,B
demo_0144,demo_literature_style_AlSi7Mg,AlSi7Mg,aluminum alloy,Al,DED,L-DED,Renishaw AM250,984.96,15.76,473.07,694.93,1441.94,Z,horizontal,stress relieved,2670,570,140.0,890,21.5,92.5,7.547,35.9,columnar,1.3,alpha-Al,Si/Mg2Si,fine Al-Si eutectic/cellular network,150.76,264.66,1.0,55.67,72.75,11.94,C
demo_0145,demo_literature_style_17-4PH,17-4PH,precipitation-hardening steel,Fe,PBF,L-PBF,Renishaw AM250,191.58,827.56,92.54,40.0,84.25,XZ,45deg,annealed,7800,1420,16.0,460,10.4,98.891,1.094,9.52,columnar,2.2,martensite/ferrite,Cu-rich precipitates,martensitic matrix after aging,890.31,1063.3,18.84,307.06,196.42,26.12,B
demo_0146,demo_literature_style_Ti6Al4V,Ti6Al4V,titanium alloy,Ti,PBF,L-PBF,SLM 280,382.61,706.45,119.99,40.0,70.25,XZ,horizontal,as-built,4430,1660,7.1,560,8.6,97.752,2.163,15.9,cellular,0.8,alpha/beta,alpha prime martensite possible,"prior beta grains, alpha laths",949.22,1093.05,11.52,282.78,109.77,6.84,B
demo_0147,demo_literature_style_316L,316L,stainless steel,Fe,DED,WAAM,Optomec LENS,2159.02,10.21,2796.83,2016.52,1196.78,XY,vertical,HIP,7990,1385,16.2,500,16.0,99.53,0.436,42.85,columnar,2.42,austenite,delta ferrite/carbides possible,"cellular austenite, dislocation cells",583.75,668.26,35.82,190.31,187.93,16.14,B
demo_0148,demo_literature_style_CuCrZr,CuCrZr,copper alloy,Cu,DED,L-DED,SLM 280,1008.48,10.19,1044.54,704.11,820.9,XZ,45deg,stress relieved,8900,1085,320.0,380,17.0,92.5,7.488,29.76,dendritic,1.72,Cu,Cr/Zr precipitates,Cu matrix with precipitation after aging,150.12,266.25,6.54,67.6,121.22,10.71,B
demo_0149,demo_literature_style_Maraging_Steel_M300,Maraging Steel M300,maraging steel,Fe,PBF,L-PBF,Trumpf TruPrint,261.94,1132.74,109.47,30.0,75.33,XY,45deg,HIP,8100,1413,14.2,452,10.3,98.992,1.097,19.01,cellular,2.51,martensite,Ni/Ti/Mo precipitates after aging,"martensitic, precipitate strengthened after aging",1115.57,1336.52,11.25,383.92,187.61,8.88,B
demo_0150,demo_literature_style_Ti6Al4V_ELI,Ti6Al4V ELI,titanium alloy,Ti,DED,WAAM,EOS M290,1519.19,11.09,2826.03,2445.8,1405.54,Z,horizontal,stress relieved,4420,1650,7.0,526,8.5,99.035,0.897,30.46,mixed columnar-equiaxed,3.13,alpha/beta,alpha prime martensite possible,fine alpha prime in as-built LPBF,947.23,1056.17,14.37,302.39,112.0,18.76,B
demo_0151,demo_literature_style_17-4PH,17-4PH,precipitation-hardening steel,Fe,PBF,L-PBF,Concept Laser M2,262.79,1120.46,109.94,30.0,62.31,Z,45deg,HIP,7800,1420,16.0,460,10.4,99.661,0.331,23.22,mixed columnar-equiaxed,3.97,martensite/ferrite,Cu-rich precipitates,martensitic matrix after aging,956.0,1178.28,24.54,347.96,207.03,34.06,C
demo_0152,demo_literature_style_IN718,IN718,Ni superalloy,Ni,PBF,L-PBF,Sciaky EBAM,146.94,1278.46,120.32,60.0,69.6,Z,vertical,HIP,8190,1298,9.0,435,14.0,96.802,3.197,19.51,columnar,2.48,gamma,gamma prime/gamma double prime/Laves/delta,"columnar gamma grains, segregation, Laves possible",920.44,1113.54,22.3,300.76,207.42,22.87,C
demo_0153,demo_literature_style_Ti6Al4V,Ti6Al4V,titanium alloy,Ti,PBF,L-PBF,Sciaky EBAM,200.06,1335.64,92.45,30.0,85.12,Z,vertical,aged,4430,1660,7.1,560,8.6,98.394,1.628,17.66,columnar,1.47,alpha/beta,alpha prime martensite possible,"prior beta grains, alpha laths",977.15,1182.48,6.11,319.41,104.63,10.63,C
demo_0154,demo_literature_style_Ti6Al4V,Ti6Al4V,titanium alloy,Ti,DED,L-DED,Trumpf TruPrint,629.71,18.53,847.54,795.27,1473.35,XZ,horizontal,HIP,4430,1660,7.1,560,8.6,98.912,1.101,25.44,columnar,1.67,alpha/beta,alpha prime martensite possible,"prior beta grains, alpha laths",1015.49,1133.71,18.98,305.17,103.18,16.6,B
demo_0155,demo_literature_style_17-4PH,17-4PH,precipitation-hardening steel,Fe,DED,L-DED,EOS M290,1187.8,13.45,1134.8,795.77,1307.49,Z,45deg,aged,7800,1420,16.0,460,10.4,96.25,3.793,36.23,coarse equiaxed,1.45,martensite/ferrite,Cu-rich precipitates,martensitic matrix after aging,916.02,1004.51,12.53,278.43,207.8,14.73,B
demo_0156,demo_literature_style_17-4PH,17-4PH,precipitation-hardening steel,Fe,DED,L-DED,EOS M290,858.5,12.22,576.89,665.56,880.47,Z,45deg,annealed,7800,1420,16.0,460,10.4,92.5,7.506,31.14,dendritic,2.0,martensite/ferrite,Cu-rich precipitates,martensitic matrix after aging,740.32,830.35,9.23,288.88,196.88,28.55,C
demo_0157,demo_literature_style_CuCrZr,CuCrZr,copper alloy,Cu,DED,WAAM,EOS M400,930.44,14.48,2878.52,2161.52,1782.08,XY,horizontal,stress relieved,8900,1085,320.0,380,17.0,99.355,0.709,36.47,mixed columnar-equiaxed,3.75,Cu,Cr/Zr precipitates,Cu matrix with precipitation after aging,411.12,500.16,18.98,119.95,118.57,34.16,B
demo_0158,demo_literature_style_AlSi7Mg,AlSi7Mg,aluminum alloy,Al,PBF,L-PBF,SLM 280,170.04,1078.6,108.3,50.0,81.0,XY,45deg,stress relieved,2670,570,140.0,890,21.5,97.365,2.672,13.34,mixed columnar-equiaxed,2.74,alpha-Al,Si/Mg2Si,fine Al-Si eutectic/cellular network,213.65,293.87,9.69,101.69,68.44,31.61,B
demo_0159,demo_literature_style_Maraging_Steel_M300,Maraging Steel M300,maraging steel,Fe,DED,L-DED,Concept Laser M2,1065.93,5.42,966.79,692.87,1389.58,XZ,vertical,stress relieved,8100,1413,14.2,452,10.3,92.5,7.539,58.66,mixed columnar-equiaxed,2.06,martensite,Ni/Ti/Mo precipitates after aging,"martensitic, precipitate strengthened after aging",928.75,1046.22,1.0,301.3,185.77,28.91,B
demo_0160,demo_literature_style_IN718,IN718,Ni superalloy,Ni,PBF,L-PBF,Custom Lab System,342.05,710.5,102.33,40.0,87.96,XY,horizontal,HIP,8190,1298,9.0,435,14.0,97.525,2.487,17.09,columnar,3.75,gamma,gamma prime/gamma double prime/Laves/delta,"columnar gamma grains, segregation, Laves possible",1081.9,1295.47,22.17,372.37,208.31,33.36,B
demo_0161,demo_literature_style_IN625,IN625,Ni superalloy,Ni,PBF,L-PBF,Concept Laser M2,346.52,1155.25,116.71,40.0,99.19,Z,vertical,stress relieved,8440,1320,9.2,429,12.8,98.775,1.224,17.19,cellular,1.86,gamma,carbides/Laves possible,cellular dendritic gamma,620.06,773.07,32.06,208.44,207.82,27.8,B
demo_0162,demo_literature_style_AlSi10Mg,AlSi10Mg,aluminum alloy,Al,PBF,L-PBF,EOS M290,331.02,1063.7,123.06,40.0,65.94,Z,horizontal,annealed,2680,580,160.0,910,20.5,98.846,1.096,11.18,mixed columnar-equiaxed,2.25,alpha-Al,Si network/Mg2Si,fine Si cellular network,356.63,430.73,11.81,145.18,66.09,20.42,B
demo_0163,demo_literature_style_AlSi7Mg,AlSi7Mg,aluminum alloy,Al,PBF,L-PBF,EOS M400,403.17,1144.61,128.04,60.0,68.85,XZ,45deg,aged,2670,570,140.0,890,21.5,98.572,1.48,21.57,mixed columnar-equiaxed,3.55,alpha-Al,Si/Mg2Si,fine Al-Si eutectic/cellular network,252.2,360.09,11.79,101.66,72.49,11.47,C
demo_0164,demo_literature_style_H13_Tool_Steel,H13 Tool Steel,tool steel,Fe,DED,L-DED,Renishaw AM250,801.39,14.87,506.59,459.99,1509.71,XZ,vertical,annealed,7800,1427,28.6,460,10.4,92.5,7.446,113.49,mixed columnar-equiaxed,1.98,martensite,carbides,martensitic/carbide structure,903.83,1106.22,1.0,314.92,205.6,31.09,B
demo_0165,demo_literature_style_17-4PH,17-4PH,precipitation-hardening steel,Fe,PBF,L-PBF,EOS M290,390.17,907.65,120.01,50.0,61.6,XZ,45deg,stress relieved,7800,1420,16.0,460,10.4,99.216,0.856,24.74,mixed columnar-equiaxed,1.97,martensite/ferrite,Cu-rich precipitates,martensitic matrix after aging,899.05,1023.8,17.17,307.0,192.63,19.98,B
demo_0166,demo_literature_style_IN718,IN718,Ni superalloy,Ni,PBF,L-PBF,EOS M290,171.51,804.57,84.4,60.0,96.15,Z,45deg,aged,8190,1298,9.0,435,14.0,98.229,1.75,30.6,mixed columnar-equiaxed,3.86,gamma,gamma prime/gamma double prime/Laves/delta,"columnar gamma grains, segregation, Laves possible",1105.84,1342.25,17.81,356.56,203.23,14.41,A
demo_0167,demo_literature_style_Ti6Al4V_ELI,Ti6Al4V ELI,titanium alloy,Ti,PBF,L-PBF,Custom Lab System,382.5,786.01,85.92,60.0,73.4,XZ,45deg,aged,4420,1650,7.0,526,8.5,98.717,1.242,18.83,columnar,3.62,alpha/beta,alpha prime martensite possible,fine alpha prime in as-built LPBF,938.73,1129.86,13.72,313.42,118.08,11.13,A
demo_0168,demo_literature_style_Ti6Al4V,Ti6Al4V,titanium alloy,Ti,PBF,L-PBF,EOS M290,265.33,1473.68,119.62,30.0,75.53,XY,45deg,aged,4430,1660,7.1,560,8.6,98.631,1.326,29.04,cellular,0.8,alpha/beta,alpha prime martensite possible,"prior beta grains, alpha laths",1045.57,1184.43,12.57,348.66,122.24,6.72,B
demo_0169,demo_literature_style_IN718,IN718,Ni superalloy,Ni,PBF,L-PBF,Concept Laser M2,356.79,1327.07,78.32,60.0,86.07,Z,45deg,annealed,8190,1298,9.0,435,14.0,99.838,0.14,27.97,cellular,1.46,gamma,gamma prime/gamma double prime/Laves/delta,"columnar gamma grains, segregation, Laves possible",1050.99,1154.03,22.29,345.09,192.76,8.11,B
demo_0170,demo_literature_style_Ti6Al4V_ELI,Ti6Al4V ELI,titanium alloy,Ti,PBF,L-PBF,SLM 280,356.99,1069.77,122.48,60.0,60.32,Z,horizontal,HIP,4420,1650,7.0,526,8.5,98.85,1.126,8.2,cellular,2.19,alpha/beta,alpha prime martensite possible,fine alpha prime in as-built LPBF,1024.25,1155.31,21.01,346.05,117.16,16.79,B
demo_0171,demo_literature_style_AlSi7Mg,AlSi7Mg,aluminum alloy,Al,PBF,L-PBF,Concept Laser M2,311.93,1087.74,90.54,20.0,95.37,XZ,horizontal,solution+aged,2670,570,140.0,890,21.5,93.99,6.079,7.36,mixed columnar-equiaxed,2.61,alpha-Al,Si/Mg2Si,fine Al-Si eutectic/cellular network,274.79,386.07,1.88,105.57,68.67,23.8,B
demo_0172,demo_literature_style_316L,316L,stainless steel,Fe,PBF,L-PBF,Sciaky EBAM,290.2,1425.82,129.0,30.0,97.68,Z,vertical,aged,7990,1385,16.2,500,16.0,99.433,0.563,18.71,columnar,2.72,austenite,delta ferrite/carbides possible,"cellular austenite, dislocation cells",631.19,769.27,35.62,228.82,186.5,32.44,C
demo_0173,demo_literature_style_Ti6Al4V_ELI,Ti6Al4V ELI,titanium alloy,Ti,PBF,L-PBF,EOS M290,120.7,1266.67,82.32,40.0,86.39,XZ,horizontal,as-built,4420,1650,7.0,526,8.5,97.993,1.989,25.37,cellular,1.14,alpha/beta,alpha prime martensite possible,fine alpha prime in as-built LPBF,908.02,1143.63,16.0,325.83,115.98,20.42,B
demo_0174,demo_literature_style_Ti6Al4V_ELI,Ti6Al4V ELI,titanium alloy,Ti,PBF,L-PBF,SLM 280,243.25,1171.19,95.33,30.0,78.63,XY,horizontal,as-built,4420,1650,7.0,526,8.5,99.372,0.547,21.5,columnar,2.0,alpha/beta,alpha prime martensite possible,fine alpha prime in as-built LPBF,1001.66,1120.08,17.39,337.6,112.8,20.49,C
demo_0175,demo_literature_style_Ti6Al4V_ELI,Ti6Al4V ELI,titanium alloy,Ti,PBF,L-PBF,Optomec LENS,319.0,723.95,83.97,40.0,62.13,Z,45deg,solution+aged,4420,1650,7.0,526,8.5,96.914,3.079,11.02,columnar,2.82,alpha/beta,alpha prime martensite possible,fine alpha prime in as-built LPBF,961.2,1066.26,11.36,320.65,112.27,23.16,B
demo_0176,demo_literature_style_CoCrMo,CoCrMo,cobalt alloy,Co,PBF,L-PBF,Sciaky EBAM,328.74,940.19,119.56,40.0,76.76,Z,45deg,annealed,8400,1390,13.0,450,14.0,99.051,0.973,31.96,cellular,1.92,gamma/fcc cobalt,carbides,"columnar grains, carbide particles",824.48,989.65,16.21,254.55,224.71,18.17,A
demo_0177,demo_literature_style_AlSi10Mg,AlSi10Mg,aluminum alloy,Al,DED,L-DED,Sciaky EBAM,610.35,13.01,1199.46,359.89,722.79,XY,vertical,solution+aged,2680,580,160.0,910,20.5,94.993,5.061,43.63,columnar,1.21,alpha-Al,Si network/Mg2Si,fine Si cellular network,234.22,359.79,1.0,77.61,67.74,29.11,B
demo_0178,demo_literature_style_17-4PH,17-4PH,precipitation-hardening steel,Fe,PBF,L-PBF,Concept Laser M2,310.47,1012.42,87.56,50.0,97.24,Z,horizontal,solution+aged,7800,1420,16.0,460,10.4,99.515,0.48,26.32,cellular,2.14,martensite/ferrite,Cu-rich precipitates,martensitic matrix after aging,1032.12,1245.65,16.38,380.29,203.05,32.1,A
demo_0179,demo_literature_style_IN718,IN718,Ni superalloy,Ni,PBF,L-PBF,Custom Lab System,132.81,1316.87,124.88,60.0,96.08,XZ,vertical,solution+aged,8190,1298,9.0,435,14.0,95.883,4.226,13.54,columnar,1.72,gamma,gamma prime/gamma double prime/Laves/delta,"columnar gamma grains, segregation, Laves possible",1070.7,1293.73,11.4,364.43,204.61,31.97,B
demo_0180,demo_literature_style_CuCrZr,CuCrZr,copper alloy,Cu,DED,L-DED,EOS M290,382.83,15.77,1006.49,434.25,1078.92,XY,horizontal,stress relieved,8900,1085,320.0,380,17.0,98.885,1.153,66.1,mixed columnar-equiaxed,2.0,Cu,Cr/Zr precipitates,Cu matrix with precipitation after aging,362.31,492.03,20.64,84.48,116.77,29.83,B
demo_0181,demo_literature_style_Ti6Al4V_ELI,Ti6Al4V ELI,titanium alloy,Ti,DED,L-DED,Trumpf TruPrint,1167.35,11.56,1009.36,522.57,1400.37,XY,horizontal,stress relieved,4420,1650,7.0,526,8.5,92.5,7.435,45.11,coarse equiaxed,3.86,alpha/beta,alpha prime martensite possible,fine alpha prime in as-built LPBF,750.37,839.3,2.79,260.43,110.51,16.08,C
demo_0182,demo_literature_style_IN625,IN625,Ni superalloy,Ni,PBF,L-PBF,Custom Lab System,403.15,1364.06,114.12,60.0,66.88,XZ,45deg,HIP,8440,1320,9.2,429,12.8,98.874,1.123,11.17,fine equiaxed,2.65,gamma,carbides/Laves possible,cellular dendritic gamma,674.81,873.64,37.93,218.55,200.36,25.91,C
demo_0183,demo_literature_style_CoCrMo,CoCrMo,cobalt alloy,Co,PBF,L-PBF,SLM 280,357.61,1446.0,107.81,20.0,84.8,Z,vertical,as-built,8400,1390,13.0,450,14.0,98.292,1.691,11.69,fine equiaxed,2.61,gamma/fcc cobalt,carbides,"columnar grains, carbide particles",784.52,919.64,7.91,262.4,221.87,15.07,B
demo_0184,demo_literature_style_Ti6Al4V_ELI,Ti6Al4V ELI,titanium alloy,Ti,PBF,L-PBF,Renishaw AM250,302.43,1485.35,106.17,20.0,63.57,XY,horizontal,aged,4420,1650,7.0,526,8.5,99.223,0.742,14.73,columnar,1.47,alpha/beta,alpha prime martensite possible,fine alpha prime in as-built LPBF,908.26,1079.62,13.91,293.34,118.43,9.81,A
demo_0185,demo_literature_style_316L,316L,stainless steel,Fe,PBF,L-PBF,Renishaw AM250,150.43,701.71,128.66,60.0,92.28,Z,horizontal,aged,7990,1385,16.2,500,16.0,96.936,3.056,14.45,cellular,1.54,austenite,delta ferrite/carbides possible,"cellular austenite, dislocation cells",573.41,698.39,34.78,174.02,192.5,17.46,A
demo_0186,demo_literature_style_316L,316L,stainless steel,Fe,PBF,L-PBF,EOS M400,166.25,702.97,85.16,30.0,61.71,Z,45deg,solution+aged,7990,1385,16.2,500,16.0,99.019,0.923,33.46,columnar,3.34,austenite,delta ferrite/carbides possible,"cellular austenite, dislocation cells",619.78,783.69,42.74,200.35,187.96,10.1,A
demo_0187,demo_literature_style_17-4PH,17-4PH,precipitation-hardening steel,Fe,DED,L-DED,Custom Lab System,1175.46,9.52,730.08,229.78,1023.41,Z,horizontal,annealed,7800,1420,16.0,460,10.4,92.5,7.475,49.71,mixed columnar-equiaxed,1.19,martensite/ferrite,Cu-rich precipitates,martensitic matrix after aging,739.85,978.38,7.71,262.82,195.53,27.94,A
demo_0188,demo_literature_style_H13_Tool_Steel,H13 Tool Steel,tool steel,Fe,DED,L-DED,EOS M400,420.61,19.63,522.21,790.54,1324.27,XY,horizontal,as-built,7800,1427,28.6,460,10.4,99.324,0.654,73.18,columnar,3.05,martensite,carbides,martensitic/carbide structure,1091.21,1220.61,7.85,376.03,211.43,21.28,A
demo_0189,demo_literature_style_CuCrZr,CuCrZr,copper alloy,Cu,PBF,L-PBF,EOS M400,380.97,1488.75,112.11,60.0,95.82,XY,45deg,solution+aged,8900,1085,320.0,380,17.0,98.262,1.676,27.6,cellular,0.8,Cu,Cr/Zr precipitates,Cu matrix with precipitation after aging,468.84,546.15,18.89,146.79,121.35,14.63,A
demo_0190,demo_literature_style_CuCrZr,CuCrZr,copper alloy,Cu,PBF,L-PBF,EOS M290,139.27,979.31,129.54,20.0,95.05,XZ,vertical,annealed,8900,1085,320.0,380,17.0,98.985,0.982,15.74,columnar,3.12,Cu,Cr/Zr precipitates,Cu matrix with precipitation after aging,270.82,389.86,21.68,72.78,118.84,23.81,B
demo_0191,demo_literature_style_IN718,IN718,Ni superalloy,Ni,PBF,L-PBF,Custom Lab System,390.77,714.4,88.53,20.0,90.17,XZ,vertical,annealed,8190,1298,9.0,435,14.0,92.5,7.492,15.52,mixed columnar-equiaxed,3.72,gamma,gamma prime/gamma double prime/Laves/delta,"columnar gamma grains, segregation, Laves possible",838.81,970.4,10.4,276.69,202.76,34.66,B
demo_0192,demo_literature_style_Maraging_Steel_M300,Maraging Steel M300,maraging steel,Fe,PBF,E-PBF,EOS M400,681.33,500.41,100.12,70.0,237.63,XZ,horizontal,HIP,8100,1413,14.2,452,10.3,92.5,7.464,60.26,columnar,3.28,martensite,Ni/Ti/Mo precipitates after aging,"martensitic, precipitate strengthened after aging",964.83,1144.45,3.5,339.54,183.62,29.54,C
demo_0193,demo_literature_style_H13_Tool_Steel,H13 Tool Steel,tool steel,Fe,PBF,L-PBF,EOS M400,289.12,1249.49,71.57,50.0,96.25,Z,horizontal,aged,7800,1427,28.6,460,10.4,99.769,0.198,17.06,mixed columnar-equiaxed,3.33,martensite,carbides,martensitic/carbide structure,1137.77,1276.22,11.06,379.65,209.7,26.11,B
demo_0194,demo_literature_style_Ti6Al4V,Ti6Al4V,titanium alloy,Ti,PBF,L-PBF,EOS M290,366.32,1019.4,125.02,60.0,70.31,XY,horizontal,aged,4430,1660,7.1,560,8.6,99.208,0.772,17.7,cellular,1.51,alpha/beta,alpha prime martensite possible,"prior beta grains, alpha laths",1055.24,1226.71,11.65,343.87,112.96,10.21,B
demo_0195,demo_literature_style_AlSi7Mg,AlSi7Mg,aluminum alloy,Al,PBF,L-PBF,Trumpf TruPrint,356.44,1465.47,103.66,50.0,95.19,Z,horizontal,solution+aged,2670,570,140.0,890,21.5,98.634,1.41,19.45,fine equiaxed,1.44,alpha-Al,Si/Mg2Si,fine Al-Si eutectic/cellular network,343.09,434.24,11.96,140.82,62.21,21.99,B
demo_0196,demo_literature_style_Maraging_Steel_M300,Maraging Steel M300,maraging steel,Fe,DED,L-DED,SLM 280,1099.53,22.19,935.96,442.15,857.73,XZ,horizontal,annealed,8100,1413,14.2,452,10.3,93.435,6.546,51.44,mixed columnar-equiaxed,3.88,martensite,Ni/Ti/Mo precipitates after aging,"martensitic, precipitate strengthened after aging",941.42,1112.22,1.18,357.62,196.43,33.56,B
demo_0197,demo_literature_style_17-4PH,17-4PH,precipitation-hardening steel,Fe,DED,L-DED,Custom Lab System,733.43,18.77,1037.32,655.02,663.47,XY,vertical,as-built,7800,1420,16.0,460,10.4,98.896,1.126,33.07,coarse equiaxed,2.04,martensite/ferrite,Cu-rich precipitates,martensitic matrix after aging,888.56,1119.48,12.64,306.64,194.48,7.59,B
demo_0198,demo_literature_style_IN625,IN625,Ni superalloy,Ni,PBF,L-PBF,EOS M290,333.5,1263.56,100.92,30.0,94.38,XZ,45deg,HIP,8440,1320,9.2,429,12.8,99.006,1.002,13.35,cellular,0.8,gamma,carbides/Laves possible,cellular dendritic gamma,674.3,874.15,42.42,237.22,199.15,31.68,B
demo_0199,demo_literature_style_IN718,IN718,Ni superalloy,Ni,PBF,L-PBF,SLM 280,256.65,939.93,115.15,40.0,85.92,XZ,45deg,aged,8190,1298,9.0,435,14.0,99.0,0.966,15.64,cellular,2.34,gamma,gamma prime/gamma double prime/Laves/delta,"columnar gamma grains, segregation, Laves possible",1146.87,1330.43,18.46,378.18,206.7,13.75,B
demo_0200,demo_literature_style_CoCrMo,CoCrMo,cobalt alloy,Co,PBF,L-PBF,Trumpf TruPrint,180.25,921.71,112.88,20.0,80.61,Z,45deg,solution+aged,8400,1390,13.0,450,14.0,99.363,0.602,19.84,columnar,2.43,gamma/fcc cobalt,carbides,"columnar grains, carbide particles",835.42,920.06,16.81,255.53,217.36,13.43,B
demo_0201,demo_literature_style_CoCrMo,CoCrMo,cobalt alloy,Co,PBF,L-PBF,Trumpf TruPrint,227.6,1307.29,76.21,20.0,79.38,XY,45deg,HIP,8400,1390,13.0,450,14.0,98.213,1.823,18.56,columnar,2.13,gamma/fcc cobalt,carbides,"columnar grains, carbide particles",813.67,997.55,18.56,267.5,220.75,26.77,C
demo_0202,demo_literature_style_AlSi7Mg,AlSi7Mg,aluminum alloy,Al,PBF,L-PBF,Trumpf TruPrint,414.32,608.85,113.42,60.0,87.88,XZ,45deg,annealed,2670,570,140.0,890,21.5,98.895,1.14,28.7,cellular,2.08,alpha-Al,Si/Mg2Si,fine Al-Si eutectic/cellular network,269.42,363.61,12.71,74.07,67.92,33.31,B
demo_0203,demo_literature_style_CoCrMo,CoCrMo,cobalt alloy,Co,PBF,L-PBF,Renishaw AM250,120.88,1397.88,93.66,50.0,97.27,Z,45deg,annealed,8400,1390,13.0,450,14.0,96.528,3.555,11.59,mixed columnar-equiaxed,2.82,gamma/fcc cobalt,carbides,"columnar grains, carbide particles",777.57,937.23,10.17,248.97,219.35,29.17,B
demo_0204,demo_literature_style_Ti6Al4V_ELI,Ti6Al4V ELI,titanium alloy,Ti,PBF,E-PBF,SLM 280,2399.64,562.91,168.1,70.0,139.35,XZ,45deg,aged,4420,1650,7.0,526,8.5,92.5,7.491,41.2,cellular,1.93,alpha/beta,alpha prime martensite possible,fine alpha prime in as-built LPBF,808.8,1035.14,2.12,275.49,103.4,22.94,B
demo_0205,demo_literature_style_IN718,IN718,Ni superalloy,Ni,DED,WAAM,EOS M400,3043.58,13.32,2910.51,1762.98,1969.99,XY,horizontal,solution+aged,8190,1298,9.0,435,14.0,98.898,1.135,36.61,columnar,3.93,gamma,gamma prime/gamma double prime/Laves/delta,"columnar gamma grains, segregation, Laves possible",1110.65,1315.18,23.04,357.85,206.35,18.03,C
demo_0206,demo_literature_style_Ti6Al4V,Ti6Al4V,titanium alloy,Ti,DED,WAAM,Concept Laser M2,1961.7,4.15,2621.58,1676.67,2214.79,XY,45deg,annealed,4430,1660,7.1,560,8.6,93.496,6.485,37.01,columnar,2.18,alpha/beta,alpha prime martensite possible,"prior beta grains, alpha laths",834.22,927.47,5.92,289.41,110.55,22.0,A
demo_0207,demo_literature_style_CuCrZr,CuCrZr,copper alloy,Cu,DED,L-DED,Sciaky EBAM,907.96,15.99,836.15,465.59,1580.35,XY,horizontal,annealed,8900,1085,320.0,380,17.0,92.5,7.492,25.4,mixed columnar-equiaxed,3.57,Cu,Cr/Zr precipitates,Cu matrix with precipitation after aging,155.44,202.08,10.65,36.34,120.39,30.2,A
demo_0208,demo_literature_style_AlSi10Mg,AlSi10Mg,aluminum alloy,Al,DED,L-DED,Concept Laser M2,1033.24,13.04,778.93,622.28,659.84,XZ,45deg,HIP,2680,580,160.0,910,20.5,92.5,7.403,34.88,columnar,2.64,alpha-Al,Si network/Mg2Si,fine Si cellular network,178.95,299.58,1.0,41.41,68.77,20.34,A
demo_0209,demo_literature_style_Ti6Al4V,Ti6Al4V,titanium alloy,Ti,PBF,L-PBF,SLM 280,407.56,687.2,127.86,20.0,71.1,XZ,vertical,solution+aged,4430,1660,7.1,560,8.6,92.5,7.535,14.57,cellular,0.8,alpha/beta,alpha prime martensite possible,"prior beta grains, alpha laths",761.94,893.0,1.0,292.97,113.65,32.97,C
demo_0210,demo_literature_style_Ti6Al4V_ELI,Ti6Al4V ELI,titanium alloy,Ti,PBF,L-PBF,SLM 280,181.03,1315.82,102.01,40.0,68.66,Z,45deg,solution+aged,4420,1650,7.0,526,8.5,98.33,1.613,18.67,mixed columnar-equiaxed,2.25,alpha/beta,alpha prime martensite possible,fine alpha prime in as-built LPBF,931.95,1070.94,15.93,333.37,107.73,29.43,B
demo_0211,demo_literature_style_CuCrZr,CuCrZr,copper alloy,Cu,PBF,L-PBF,EOS M400,386.14,1059.97,119.63,20.0,76.24,XZ,vertical,HIP,8900,1085,320.0,380,17.0,94.348,5.655,27.12,cellular,0.8,Cu,Cr/Zr precipitates,Cu matrix with precipitation after aging,233.54,294.55,9.48,91.32,114.17,8.42,B
demo_0212,demo_literature_style_AlSi10Mg,AlSi10Mg,aluminum alloy,Al,PBF,E-PBF,Optomec LENS,2360.36,428.62,157.19,50.0,221.27,XZ,horizontal,solution+aged,2680,580,160.0,910,20.5,92.5,7.517,48.34,cellular,0.8,alpha-Al,Si network/Mg2Si,fine Si cellular network,214.64,336.12,1.0,68.35,72.39,14.19,C
demo_0213,demo_literature_style_316L,316L,stainless steel,Fe,PBF,L-PBF,Renishaw AM250,178.67,1447.95,98.84,20.0,78.72,Z,45deg,HIP,7990,1385,16.2,500,16.0,98.495,1.492,23.99,columnar,2.49,austenite,delta ferrite/carbides possible,"cellular austenite, dislocation cells",577.97,807.61,42.16,161.65,192.56,25.18,B
demo_0214,demo_literature_style_316L,316L,stainless steel,Fe,PBF,L-PBF,Custom Lab System,357.9,1456.63,118.73,40.0,70.17,XY,horizontal,HIP,7990,1385,16.2,500,16.0,98.456,1.455,11.42,cellular,1.39,austenite,delta ferrite/carbides possible,"cellular austenite, dislocation cells",598.5,814.5,41.48,216.01,191.62,13.03,B
demo_0215,demo_literature_style_H13_Tool_Steel,H13 Tool Steel,tool steel,Fe,DED,L-DED,Sciaky EBAM,487.74,5.45,663.21,245.02,1329.06,Z,45deg,stress relieved,7800,1427,28.6,460,10.4,92.5,7.493,47.66,columnar,2.43,martensite,carbides,martensitic/carbide structure,1035.39,1168.13,1.0,338.17,216.44,23.12,B
demo_0216,demo_literature_style_H13_Tool_Steel,H13 Tool Steel,tool steel,Fe,PBF,L-PBF,Trumpf TruPrint,401.54,1456.72,113.63,20.0,79.27,Z,45deg,as-built,7800,1427,28.6,460,10.4,97.341,2.657,16.84,mixed columnar-equiaxed,2.31,martensite,carbides,martensitic/carbide structure,1100.49,1237.66,7.86,364.66,207.71,33.45,B
demo_0217,demo_literature_style_AlSi10Mg,AlSi10Mg,aluminum alloy,Al,PBF,E-PBF,Renishaw AM250,761.25,501.52,93.45,70.0,149.48,XZ,horizontal,HIP,2680,580,160.0,910,20.5,92.5,7.505,65.99,fine equiaxed,2.4,alpha-Al,Si network/Mg2Si,fine Si cellular network,212.33,297.63,1.0,78.25,66.56,19.95,A
demo_0218,demo_literature_style_H13_Tool_Steel,H13 Tool Steel,tool steel,Fe,DED,WAAM,Concept Laser M2,2686.52,6.03,2666.5,2398.32,1722.76,XZ,45deg,annealed,7800,1427,28.6,460,10.4,97.478,2.522,79.5,columnar,2.44,martensite,carbides,martensitic/carbide structure,1022.51,1128.4,9.72,340.9,214.68,17.83,C
demo_0219,demo_literature_style_316L,316L,stainless steel,Fe,PBF,L-PBF,Trumpf TruPrint,377.08,1337.5,96.05,20.0,92.39,Z,vertical,HIP,7990,1385,16.2,500,16.0,95.036,4.974,10.8,columnar,2.29,austenite,delta ferrite/carbides possible,"cellular austenite, dislocation cells",516.11,623.69,34.67,171.94,192.62,13.34,B
demo_0220,demo_literature_style_17-4PH,17-4PH,precipitation-hardening steel,Fe,PBF,L-PBF,Custom Lab System,297.5,1000.89,103.98,20.0,84.91,XY,vertical,solution+aged,7800,1420,16.0,460,10.4,95.6,4.355,16.21,fine equiaxed,0.88,martensite/ferrite,Cu-rich precipitates,martensitic matrix after aging,890.31,1110.84,7.24,272.14,201.21,33.14,C
demo_0221,demo_literature_style_AlSi7Mg,AlSi7Mg,aluminum alloy,Al,PBF,L-PBF,SLM 280,141.94,974.66,124.16,60.0,79.55,XZ,horizontal,stress relieved,2670,570,140.0,890,21.5,96.021,3.939,15.13,mixed columnar-equiaxed,3.81,alpha-Al,Si/Mg2Si,fine Al-Si eutectic/cellular network,230.66,323.96,6.54,78.35,69.81,23.35,B
demo_0222,demo_literature_style_Ti6Al4V,Ti6Al4V,titanium alloy,Ti,PBF,L-PBF,Concept Laser M2,332.06,1088.93,87.0,20.0,76.89,Z,vertical,solution+aged,4430,1660,7.1,560,8.6,92.5,7.471,13.72,columnar,4.24,alpha/beta,alpha prime martensite possible,"prior beta grains, alpha laths",829.89,1038.3,1.0,260.97,109.49,14.28,B
demo_0223,demo_literature_style_AlSi7Mg,AlSi7Mg,aluminum alloy,Al,PBF,L-PBF,Concept Laser M2,414.81,1043.8,122.84,60.0,96.42,XZ,vertical,stress relieved,2670,570,140.0,890,21.5,98.83,1.196,26.88,mixed columnar-equiaxed,2.27,alpha-Al,Si/Mg2Si,fine Al-Si eutectic/cellular network,180.84,232.06,5.98,61.45,74.64,28.34,B
demo_0224,demo_literature_style_AlSi7Mg,AlSi7Mg,aluminum alloy,Al,PBF,L-PBF,Concept Laser M2,263.13,1467.44,79.1,50.0,77.18,XZ,vertical,solution+aged,2670,570,140.0,890,21.5,98.977,1.089,20.1,cellular,0.8,alpha-Al,Si/Mg2Si,fine Al-Si eutectic/cellular network,308.38,447.65,9.39,82.58,67.85,23.26,C
demo_0225,demo_literature_style_AlSi7Mg,AlSi7Mg,aluminum alloy,Al,PBF,L-PBF,Trumpf TruPrint,313.69,945.02,87.66,60.0,79.83,XY,horizontal,solution+aged,2670,570,140.0,890,21.5,99.347,0.615,22.79,columnar,1.45,alpha-Al,Si/Mg2Si,fine Al-Si eutectic/cellular network,372.97,503.58,9.59,133.33,69.14,14.97,B
demo_0226,demo_literature_style_AlSi10Mg,AlSi10Mg,aluminum alloy,Al,PBF,L-PBF,Renishaw AM250,238.87,1027.09,117.03,60.0,98.42,Z,vertical,aged,2680,580,160.0,910,20.5,97.57,2.487,11.02,mixed columnar-equiaxed,3.06,alpha-Al,Si network/Mg2Si,fine Si cellular network,259.51,350.05,7.01,91.72,69.49,9.06,B
demo_0227,demo_literature_style_CuCrZr,CuCrZr,copper alloy,Cu,PBF,L-PBF,EOS M400,356.75,628.33,103.35,20.0,60.58,Z,horizontal,solution+aged,8900,1085,320.0,380,17.0,92.5,7.578,14.29,cellular,1.97,Cu,Cr/Zr precipitates,Cu matrix with precipitation after aging,246.34,301.34,7.54,62.87,112.9,14.62,B
demo_0228,demo_literature_style_IN718,IN718,Ni superalloy,Ni,PBF,L-PBF,Renishaw AM250,418.75,917.78,99.25,50.0,78.28,XZ,horizontal,aged,8190,1298,9.0,435,14.0,98.986,1.116,16.62,mixed columnar-equiaxed,2.38,gamma,gamma prime/gamma double prime/Laves/delta,"columnar gamma grains, segregation, Laves possible",1093.02,1220.87,19.61,354.84,203.6,32.17,B
demo_0229,demo_literature_style_Ti6Al4V,Ti6Al4V,titanium alloy,Ti,PBF,L-PBF,EOS M400,288.21,910.18,86.5,60.0,70.62,Z,45deg,HIP,4430,1660,7.1,560,8.6,98.955,0.986,18.47,cellular,0.97,alpha/beta,alpha prime martensite possible,"prior beta grains, alpha laths",1058.1,1166.12,19.02,320.04,112.22,27.36,B
demo_0230,demo_literature_style_Ti6Al4V_ELI,Ti6Al4V ELI,titanium alloy,Ti,PBF,L-PBF,Sciaky EBAM,169.23,1058.03,123.78,40.0,74.05,Z,45deg,stress relieved,4420,1650,7.0,526,8.5,97.927,2.148,22.73,cellular,1.73,alpha/beta,alpha prime martensite possible,fine alpha prime in as-built LPBF,955.76,1187.81,15.36,306.72,123.2,13.06,A
demo_0231,demo_literature_style_CoCrMo,CoCrMo,cobalt alloy,Co,PBF,L-PBF,Sciaky EBAM,183.44,789.95,91.52,40.0,72.88,XZ,horizontal,HIP,8400,1390,13.0,450,14.0,99.084,0.914,11.22,mixed columnar-equiaxed,2.84,gamma/fcc cobalt,carbides,"columnar grains, carbide particles",850.54,993.08,16.41,284.54,215.92,21.42,A
demo_0232,demo_literature_style_AlSi7Mg,AlSi7Mg,aluminum alloy,Al,PBF,L-PBF,Sciaky EBAM,397.12,1162.97,84.71,60.0,93.32,XY,45deg,stress relieved,2670,570,140.0,890,21.5,98.72,1.347,12.17,columnar,2.21,alpha-Al,Si/Mg2Si,fine Al-Si eutectic/cellular network,292.06,402.69,10.38,103.92,73.98,24.95,A
demo_0233,demo_literature_style_Ti6Al4V,Ti6Al4V,titanium alloy,Ti,DED,L-DED,Concept Laser M2,463.43,8.16,834.86,240.61,1631.55,XZ,45deg,HIP,4430,1660,7.1,560,8.6,92.5,7.442,37.44,dendritic,3.05,alpha/beta,alpha prime martensite possible,"prior beta grains, alpha laths",833.11,997.19,6.58,281.75,116.39,15.41,B
demo_0234,demo_literature_style_AlSi10Mg,AlSi10Mg,aluminum alloy,Al,PBF,L-PBF,Trumpf TruPrint,165.87,1267.28,97.93,30.0,61.28,Z,horizontal,solution+aged,2680,580,160.0,910,20.5,98.139,1.835,23.59,cellular,2.52,alpha-Al,Si network/Mg2Si,fine Si cellular network,320.31,408.46,4.35,94.36,65.85,22.23,A
demo_0235,demo_literature_style_316L,316L,stainless steel,Fe,PBF,L-PBF,Trumpf TruPrint,176.71,660.1,123.38,30.0,76.92,XY,45deg,solution+aged,7990,1385,16.2,500,16.0,99.123,0.874,22.19,fine equiaxed,1.54,austenite,delta ferrite/carbides possible,"cellular austenite, dislocation cells",617.79,757.69,39.88,206.24,184.11,21.55,C
demo_0236,demo_literature_style_AlSi7Mg,AlSi7Mg,aluminum alloy,Al,DED,L-DED,Optomec LENS,321.37,17.76,1114.55,250.23,1705.83,Z,horizontal,stress relieved,2670,570,140.0,890,21.5,98.567,1.353,64.46,columnar,4.07,alpha-Al,Si/Mg2Si,fine Al-Si eutectic/cellular network,209.46,315.49,12.63,79.66,82.25,6.97,B
demo_0237,demo_literature_style_IN625,IN625,Ni superalloy,Ni,PBF,L-PBF,Custom Lab System,352.7,855.93,70.06,40.0,93.44,Z,vertical,solution+aged,8440,1320,9.2,429,12.8,94.994,5.031,19.02,cellular,0.8,gamma,carbides/Laves possible,cellular dendritic gamma,614.86,842.41,25.64,227.04,190.54,34.38,B
demo_0238,demo_literature_style_IN718,IN718,Ni superalloy,Ni,PBF,L-PBF,Concept Laser M2,331.42,1488.61,129.06,30.0,66.49,XZ,vertical,HIP,8190,1298,9.0,435,14.0,99.425,0.608,20.82,columnar,1.97,gamma,gamma prime/gamma double prime/Laves/delta,"columnar gamma grains, segregation, Laves possible",1000.24,1101.25,20.04,350.96,211.94,19.45,B
demo_0239,demo_literature_style_AlSi7Mg,AlSi7Mg,aluminum alloy,Al,PBF,L-PBF,Trumpf TruPrint,254.85,873.1,118.79,60.0,85.94,XY,vertical,aged,2670,570,140.0,890,21.5,97.939,2.053,25.81,mixed columnar-equiaxed,2.66,alpha-Al,Si/Mg2Si,fine Al-Si eutectic/cellular network,256.02,355.38,4.23,87.21,65.08,31.61,C
demo_0240,demo_literature_style_17-4PH,17-4PH,precipitation-hardening steel,Fe,PBF,L-PBF,EOS M400,237.47,1049.72,120.42,60.0,95.72,XY,45deg,annealed,7800,1420,16.0,460,10.4,97.508,2.431,20.33,cellular,2.86,martensite/ferrite,Cu-rich precipitates,martensitic matrix after aging,810.17,897.46,17.92,251.24,200.08,25.27,C
